organism_key,taxon,code
NBNORG0000075943,Abrothallus bertianus,2
NBNORG0000075944,Abrothallus caerulescens,2
NBNORG0000000005,Abrothallus cetrariae,2
NBNORG0000075945,Abrothallus cladoniae,2
NBNORG0000013975,Abrothallus microspermus,2
NBNORG0000075781,Abrothallus prodiens,2
NBNORG0000075947,Abrothallus usneae,2
NBNORG0000000006,Abrothallus welwitschii,2
NBNORG0000075949,Absconditella annexa,4
NBNORG0000075950,Absconditella celata,4
NBNORG0000075951,Absconditella delutula,3
NBNORG0000075952,Absconditella lignicola,4
NBNORG0000075953,Absconditella pauxilla,4
NBNORG0000075954,Absconditella sphagnorum,4
NBNORG0000075955,Absconditella trivialis,4
NBNORG0000075965,Acarospora admissa,5
NBNORG0000000023,Acarospora anomala,5
NBNORG0000015208,Acarospora badiofusca,4
NBNORG0000075968,Acarospora cervina,2
NBNORG0000015209,Acarospora glaucocarpa,2
NBNORG0000015211,Acarospora impressula,2
NBNORG0000075969,Acarospora macrospora subsp. macrospora,4
NBNORG0000000026,Acarospora macrospora subsp. murorum,5
NBNORG0000000513,Acarospora moenium,2
NBNORG0000015213,Acarospora muddii,3
NBNORG0000123293,Acarospora privigna,3
NBNORG0000075972,Acarospora sinopica,2
NBNORG0000015215,Acarospora subrufula,4
NBNORG0000075974,Acarospora veronensis,4
NBNORG0000013808,Acolium inquinans,1
NBNORG0000013809,Acolium marcianum,4
NBNORG0000013811,Acolium sessile,2
NBNORG0000075993,Acremonium lichenicola,5
NBNORG0000075995,Acremonium rhabdosporum,5
NBNORG0000016143,Acrocordia cavata,4
NBNORG0000076002,Acrocordia conoidea,2
NBNORG0000076003,Acrocordia gemmata,2
NBNORG0000016144,Acrocordia macrospora,3
NBNORG0000016145,Acrocordia salweyi,2
NBNORG0000016343,Adelococcus alpestris,4
NBNORG0000076016,Adelococcus interlatens,4
NBNORG0000015509,Adelolecia pilati,3
NBNORG0000016562,Agonimia allobata,4
NBNORG0000108493,Agonimia flabelliformis,4
NBNORG0000000149,Agonimia gelatinosa,4
NBNORG0000076212,Agonimia globulifera,4
NBNORG0000016549,Agonimia octospora,4
NBNORG0000091161,Agonimia opuntiella,4
NBNORG0000000150,Agonimia repleta,4
NBNORG0000016550,Agonimia tristicula,1
NBNORG0000015217,Agyrium rufum,1
NBNORG0000076231,Ainoa mooreana,3
NBNORG0000015218,Alectoria nigricans,1
NBNORG0000076249,Alectoria sarmentosa subsp. sarmentosa,2
NBNORG0000015221,Alectoria sarmentosa subsp. vexillifera,2
NBNORG0000015222,Allantoparmelia alpicola,2
NBNORG0000015769,Alyxoria culmigena,3
NBNORG0000082056,Alyxoria mougeotii,3
NBNORG0000015772,Alyxoria ochrocheila,3
NBNORG0000015773,Alyxoria paraxanthodes,4
NBNORG0000015779,Alyxoria subelevata,4
NBNORG0000015770,Alyxoria varia,3
NBNORG0000024937,Alyxoria xerica,3
NBNORG0000000203,Amandinea punctata,1
NBNORG0000076322,Ameliella andreaeicola,4
NBNORG0000076323,Ameliella grisea,4
NBNORG0000015223,Amygdalaria pelobotryon,2
NBNORG0000076347,Anaptychia ciliaris,2
NBNORG0000015224,Anaptychia mamillata,3
NBNORG0000076361,Anisomeridium biforme,2
NBNORG0000000246,Anisomeridium polypori,2
NBNORG0000076362,Anisomeridium ranunculosporum,2
NBNORG0000091478,Anisomeridium robustum,3
NBNORG0000000247,Anisomeridium viridescens,3
NBNORG0000097870,Antennulariella lichenisata,3
NBNORG0000015225,Aphanopsis coenosa,4
NBNORG0000015245,Aquacidia antricola,2
NBNORG0000015261,Aquacidia trachona,2
NBNORG0000076725,Aquacidia viridifarinosa,2
NBNORG0000015226,Arctomia delicatula,3
NBNORG0000026723,Arctoparmelia incurva,1
NBNORG0000076499,Arthonia almquistii,3
NBNORG0000024714,Arthonia amylospora,3
NBNORG0000024715,Arthonia anglica,4
NBNORG0000076501,Arthonia apatetica,5
NBNORG0000000331,Arthonia apotheciorum,3
NBNORG0000013752,Arthonia arthonioides,3
NBNORG0000015765,Arthonia atra,1
NBNORG0000108495,Arthonia caerulescens,3
NBNORG0000015766,Arthonia calcarea,1
NBNORG0000024716,Arthonia cohabitans,4
NBNORG0000091162,Arthonia colombiana,4
NBNORG0000076505,Arthonia coronata,4
NBNORG0000075792,Arthonia didyma,2
NBNORG0000076507,Arthonia digitatae,4
NBNORG0000000332,Arthonia diploiciae,4
NBNORG0000013755,Arthonia epiphyscia,2
NBNORG0000013756,Arthonia galactites,5
NBNORG0000076511,Arthonia gelidae,4
NBNORG0000081280,Arthonia granitophila,3
NBNORG0000024717,Arthonia graphidicola,2
NBNORG0000013773,Arthonia ilicina,2
NBNORG0000013757,Arthonia ilicinella,3
NBNORG0000013758,Arthonia intexta,3
NBNORG0000024718,Arthonia invadens,3
NBNORG0000076513,Arthonia ligniaria,3
NBNORG0000024719,Arthonia ligniariella,3
NBNORG0000013760,Arthonia mediella,3
NBNORG0000091163,Arthonia meridionalis,3
NBNORG0000000333,Arthonia molendoi,3
NBNORG0000000334,Arthonia muscigena,3
NBNORG0000076514,Arthonia neglectula,4
NBNORG0000108497,Arthonia pannariae,3
NBNORG0000013761,Arthonia patellulata,4
NBNORG0000076515,Arthonia peltigerea,4
NBNORG0000013762,Arthonia phaeobaea,2
NBNORG0000000335,Arthonia phaeophysciae,2
NBNORG0000013763,Arthonia punctella,3
NBNORG0000013765,Arthonia punctilliformis,5
NBNORG0000013766,Arthonia radiata,1
NBNORG0000004695,Arthonia sampaianae,3
NBNORG0000013768,Arthonia stellaris,3
NBNORG0000076516,Arthonia stereocaulina,4
NBNORG0000000337,Arthonia subfuscicola,5
NBNORG0000024720,Arthonia thelotrematis,3
NBNORG0000076517,Arthonia varians,2
NBNORG0000013770,Arthonia vinosa,1
NBNORG0000000339,Arthophacopsis parmeliarum,3
NBNORG0000013979,Arthopyrenia allogena,5
NBNORG0000076522,Arthopyrenia analepta,2
NBNORG0000000340,Arthopyrenia atractospora,4
NBNORG0000024722,Arthopyrenia carneobrunneola,3
NBNORG0000013984,Arthopyrenia cinereopruinosa,3
NBNORG0000117685,Arthopyrenia cinereopruinosa,3
NBNORG0000123271,Arthopyrenia cinereopruinosa,3
NBNORG0000013985,Arthopyrenia desistens,5
NBNORG0000076523,Arthopyrenia fraxini,3
NBNORG0000024721,Arthopyrenia nitescens,3
NBNORG0000013987,Arthopyrenia platypyrenia,3
NBNORG0000075793,Arthopyrenia punctiformis,2
NBNORG0000013988,Arthopyrenia rhyponta,5
NBNORG0000076526,Arthopyrenia salicis,3
NBNORG0000026727,Arthopyrenia saxicola,3
NBNORG0000024723,Arthopyrenia subcerasi,4
NBNORG0000013774,Arthothelium dictyosporum,4
NBNORG0000013775,Arthothelium lirellans,3
NBNORG0000013776,Arthothelium macounii,4
NBNORG0000076530,Arthothelium norvegicum,4
NBNORG0000076531,Arthothelium orbilliferum,4
NBNORG0000013777,Arthothelium ruanum,3
NBNORG0000000366,Arthrorhaphis aeruginosa,2
NBNORG0000076548,Arthrorhaphis alpina,3
NBNORG0000015227,Arthrorhaphis citrinella,2
NBNORG0000076549,Arthrorhaphis grisea,2
NBNORG0000000367,Arthrorhaphis muddii,3
NBNORG0000076550,Arthrorhaphis vacillans,4
NBNORG0000091479,Aspicilia aquatica,4
NBNORG0000015228,Aspicilia caesiocinerea,2
NBNORG0000015229,Aspicilia calcarea,1
NBNORG0000015232,Aspicilia epiglypta,3
NBNORG0000015234,Aspicilia grisea,2
NBNORG0000015235,Aspicilia intermutans,3
NBNORG0000015236,Aspicilia laevata,3
NBNORG0000015238,Aspicilia melanaspis,4
NBNORG0000000514,Aspicilia radiosa,2
NBNORG0000015239,Aspicilia recedens,4
NBNORG0000076637,Aspicilia simoensis,4
NBNORG0000076638,Aspicilia subdepressa,5
NBNORG0000024724,Aspicilia tuberculosa,5
NBNORG0000076664,Athelia arachnoidea,2
NBNORG0000097930,Atla alpina,4
NBNORG0000016574,Atla wheldonii,4
NBNORG0000014972,Bachmanniomyces varius,3
NBNORG0000015241,Bacidia absistens,3
NBNORG0000015671,Bacidia arceutina,3
NBNORG0000076714,Bacidia biatorina,2
NBNORG0000000554,Bacidia caesiovirens,2
NBNORG0000015251,Bacidia friesiana,3
NBNORG0000015252,Bacidia fuscoviridis,2
NBNORG0000024727,Bacidia herbarum,4
NBNORG0000024932,Bacidia igniarii,4
NBNORG0000076719,Bacidia killiasii,5
NBNORG0000015254,Bacidia laurocerasi,2
NBNORG0000015257,Bacidia polychroa,5
NBNORG0000076723,Bacidia rubella,1
NBNORG0000015258,Bacidia scopulicola,1
NBNORG0000097935,Bacidia sipmanii,3
NBNORG0000015260,Bacidia subturgidula,4
NBNORG0000076710,Bacidina adastra,2
NBNORG0000076711,Bacidina arnoldiana,3
NBNORG0000076715,Bacidina brandii,4
NBNORG0000015244,Bacidina caligans,3
NBNORG0000015246,Bacidina chloroticula,3
NBNORG0000015248,Bacidina delicata,3
NBNORG0000015249,Bacidina egenula,3
NBNORG0000076724,Bacidina indigens,3
NBNORG0000026733,Bacidina inundata,2
NBNORG0000097937,Bacidina modesta,3
NBNORG0000076721,Bacidina neosquamulosa,2
NBNORG0000075794,Bacidina phacodes,3
NBNORG0000024725,Bacidina saxenii,3
NBNORG0000076716,Bacidina squamellosa,2
NBNORG0000080555,Bacidina subfuscula,3
NBNORG0000015756,Bactrospora corticola,3
NBNORG0000015757,Bactrospora dryina,4
NBNORG0000000577,Bactrospora homalotropa,2
NBNORG0000000582,Baeomyces carneus,4
NBNORG0000014532,Baeomyces placophyllus,1
NBNORG0000014533,Baeomyces rufus,1
NBNORG0000134516,Bagliettoa parmigera s. lat.,2
NBNORG0000024826,Bagliettoa parmigerella,4
NBNORG0000024830,Bellemerea alpina,4
NBNORG0000014481,Belonia calcicola,4
NBNORG0000076772,Belonia incarnata,3
NBNORG0000076773,Belonia nidarosiensis,2
NBNORG0000076774,Belonia russula,2
NBNORG0000076795,Biatora britannica,4
NBNORG0000000624,Biatora chrysantha,2
NBNORG0000015481,Biatora cuprea,4
NBNORG0000000625,Biatora efflorescens,4
NBNORG0000080550,Biatora globulosa,3
NBNORG0000097946,Biatora ligni-mollis,4
NBNORG0000108504,Biatora ocelliformis,4
NBNORG0000000626,Biatora subduplex,4
NBNORG0000015519,Biatora vernalis,2
NBNORG0000077198,Biatora veteranorum,4
NBNORG0000076800,Biatorella fossarum,4
NBNORG0000015262,Biatorella hemisphaerica,3
NBNORG0000015696,Biatoridium delitescens,3
NBNORG0000015263,Biatoridium monasteriense,4
NBNORG0000000628,Biatoropsis usnearum,1
NBNORG0000024726,Bibbya subcircumspecta,3
NBNORG0000028353,Bibbya vermifera,4
NBNORG0000076806,Bilimbia lobulata,2
NBNORG0000000630,Bilimbia sabuletorum,2
NBNORG0000081346,Brianaria bauschiana,3
NBNORG0000015570,Brianaria lutulata,3
NBNORG0000081359,Brianaria sylvicola,3
NBNORG0000015581,Brianaria tuberculata,3
NBNORG0000015265,Brigantiaea fuscolutea,3
NBNORG0000076959,Brodoa intestiniformis,3
NBNORG0000080617,Bryobilimbia ahlesii,4
NBNORG0000080639,Bryobilimbia sanguineoatra,2
NBNORG0000015266,Bryonora curvescens,4
NBNORG0000076976,Bryoria bicolor,2
NBNORG0000076977,Bryoria capillaris,2
NBNORG0000015268,Bryoria furcellata,4
NBNORG0000015274,Bryoria implexa,5
NBNORG0000015271,Bryoria lanestris,4
NBNORG0000015272,Bryoria nadvornikiana,5
NBNORG0000015273,Bryoria nitidula,5
NBNORG0000015275,Bryoria smithii,4
NBNORG0000076979,Bryoria subcana,2
NBNORG0000076512,Bryostigma lapidicola,3
NBNORG0000076512,Bryostigma lapidicola,2
NBNORG0000108506,Buellia abstracta,4
NBNORG0000076986,Buellia aethalea,1
NBNORG0000076987,Buellia arborea,4
NBNORG0000076988,Buellia arnoldii,4
NBNORG0000076989,Buellia asterella,5
NBNORG0000015277,Buellia disciformis,2
NBNORG0000015278,Buellia erubescens,3
NBNORG0000015279,Buellia griseovirens,2
NBNORG0000000752,Buellia hyperbolica,4
NBNORG0000090766,Buellia jugorum,5
NBNORG0000015281,Buellia leptocline,3
NBNORG0000076992,Buellia leptoclinoides,4
NBNORG0000076993,Buellia ocellata,2
NBNORG0000076995,Buellia pulverea,3
NBNORG0000015283,Buellia sanguinolenta,4
NBNORG0000015284,Buellia saxorum,3
NBNORG0000015285,Buellia schaereri,3
NBNORG0000076996,Buellia spuria,5
NBNORG0000015286,Buellia stellulata,3
NBNORG0000024729,Buellia uberior,4
NBNORG0000076997,Buellia violaceofusca,3
NBNORG0000014000,Buelliella physciicola,3
NBNORG0000077012,Bunodophoron melanocarpum,1
NBNORG0000097971,Byssoloma diederichii,4
NBNORG0000024730,Byssoloma leucoblepharum,4
NBNORG0000133395,Byssoloma llimonae,4
NBNORG0000077025,Byssoloma marginatum,3
NBNORG0000077026,Byssoloma subdiscordans,3
NBNORG0000013782,Calicium abietinum,5
NBNORG0000013783,Calicium adspersum,4
NBNORG0000013784,Calicium corynellum,3
NBNORG0000013785,Calicium diploellum,4
NBNORG0000013786,Calicium glaucellum,2
NBNORG0000077044,Calicium hyperelloides,4
NBNORG0000013791,Calicium lenticulare,3
NBNORG0000013810,Calicium notarisii,3
NBNORG0000013787,Calicium parvum,4
NBNORG0000013789,Calicium quercinum,5
NBNORG0000013790,Calicium salicinum,2
NBNORG0000013812,Calicium tigillare,3
NBNORG0000013792,Calicium trabinellum,5
NBNORG0000078312,Calicium trachylioides,4
NBNORG0000095903,Calicium victorianum,5
NBNORG0000013793,Calicium viride,1
NBNORG0000015367,Callome multipartita,2
NBNORG0000077065,Caloplaca ahtii,3
NBNORG0000108508,Caloplaca albolutescens,3
NBNORG0000077066,Caloplaca alociza,3
NBNORG0000108509,Caloplaca alstrupii,4
NBNORG0000024731,Caloplaca approximata,4
NBNORG0000016510,Caloplaca aractina,4
NBNORG0000091164,Caloplaca arcis,2
NBNORG0000077067,Caloplaca arenaria,3
NBNORG0000016512,Caloplaca atroflava,5
NBNORG0000077069,Caloplaca aurantia,2
NBNORG0000077071,Caloplaca britannica,2
NBNORG0000000783,Caloplaca caesiorufella,4
NBNORG0000108512,Caloplaca calcitrapa,4
NBNORG0000077073,Caloplaca ceracea,2
NBNORG0000016513,Caloplaca cerinella,3
NBNORG0000016514,Caloplaca chalybaea,3
NBNORG0000016515,Caloplaca chlorina,2
NBNORG0000016516,Caloplaca chrysophthalma,5
NBNORG0000024732,Caloplaca cinnamomea,4
NBNORG0000077076,Caloplaca cirrochroa,1
NBNORG0000016517,Caloplaca concilians,4
NBNORG0000016519,Caloplaca crenulatella,2
NBNORG0000016520,Caloplaca decipiens,1
NBNORG0000085970,Caloplaca dichroa,2
NBNORG0000108516,Caloplaca diffusa,5
NBNORG0000108517,Caloplaca ferruginea s. str.,2
NBNORG0000077080,Caloplaca flavescens,1
NBNORG0000016523,Caloplaca flavovirescens,2
NBNORG0000016526,Caloplaca haematites,4
NBNORG0000108520,Caloplaca herbidella s. str.,4
NBNORG0000016527,Caloplaca holocarpa,1
NBNORG0000108522,Caloplaca holocarpa s. str.,3
NBNORG0000108523,Caloplaca limonia,2
NBNORG0000077082,Caloplaca littorea,1
NBNORG0000024734,Caloplaca lucifuga,3
NBNORG0000016529,Caloplaca luteoalba,3
NBNORG0000077085,Caloplaca maritima,2
NBNORG0000077081,Caloplaca marmorata,3
NBNORG0000108524,Caloplaca monacensis,5
NBNORG0000108525,Caloplaca neotaurica,5
NBNORG0000016531,Caloplaca nivalis,4
NBNORG0000016532,Caloplaca obliterans,2
NBNORG0000016533,Caloplaca ochracea,2
NBNORG0000000786,Caloplaca phlogina,3
NBNORG0000016534,Caloplaca pollinii,5
NBNORG0000077087,Caloplaca ruderum,2
NBNORG0000016535,Caloplaca saxicola,1
NBNORG0000016536,Caloplaca scopularis,3
NBNORG0000090770,Caloplaca soralifera,5
NBNORG0000091165,Caloplaca sorediella,4
NBNORG0000000784,Caloplaca stillicidiorum,2
NBNORG0000077088,Caloplaca suaedae,4
NBNORG0000016537,Caloplaca teicholyta,1
NBNORG0000108527,Caloplaca turkuensis,5
NBNORG0000077089,Caloplaca ulcerosa,2
NBNORG0000077090,Caloplaca variabilis,2
NBNORG0000016539,Caloplaca verruculifera,1
NBNORG0000016540,Caloplaca virescens,4
NBNORG0000077091,Caloplaca vitellinula,5
NBNORG0000080764,Caloplaca xantholyta,1
NBNORG0000077105,Calvitimela aglaea,2
NBNORG0000077106,Calvitimela armeniaca,4
NBNORG0000077138,Candelaria concolor,1
NBNORG0000108528,Candelaria pacifica,3
NBNORG0000015290,Candelariella coralliza,2
NBNORG0000015292,Candelariella reflexa,1
NBNORG0000077148,Candelariella superdistans,3
NBNORG0000077180,Capronia normandinae,3
NBNORG0000077184,Carbonea aggregantula,4
NBNORG0000015293,Carbonea supersparsa,3
NBNORG0000015294,Carbonea vitellinaria,2
NBNORG0000077187,Carbonea vorticosa,3
NBNORG0000015405,Carbonicola anthracophila,4
NBNORG0000016551,Catapyrenium cinereum,2
NBNORG0000075808,Catapyrenium daedaleum,4
NBNORG0000077192,Catapyrenium psoromoides,4
NBNORG0000015473,Catillaria aphana,4
NBNORG0000077199,Catillaria atomarioides,2
NBNORG0000133791,Catillaria baliola,2
NBNORG0000077201,Catillaria chalybeia var. chalybeia,2
NBNORG0000000864,Catillaria gilbertii,4
NBNORG0000015410,Catillaria lenticularis,2
NBNORG0000095922,Catillaria lobariicola,4
NBNORG0000015502,Catillaria modesta,4
NBNORG0000015264,Catillaria picila,5
NBNORG0000015512,Catillaria scotinodes,3
NBNORG0000084112,Catillaria stereocaulorum,3
NBNORG0000015300,Catillaria subviridis,4
NBNORG0000091240,Catillaria usneicola,3
NBNORG0000077207,Catinaria atropurpurea,2
NBNORG0000077208,Catinaria neuschildii,3
NBNORG0000015518,Cecidonia umbonella,2
NBNORG0000077217,Cecidonia xenophana,2
NBNORG0000014105,Celothelium ischnobelum,2
NBNORG0000000906,Cercidospora cladoniicola,3
NBNORG0000077269,Cercidospora decolorella,4
NBNORG0000077270,Cercidospora epipolytropa,2
NBNORG0000077271,Cercidospora macrospora,3
NBNORG0000000907,Cercidospora parva,3
NBNORG0000077272,Cercidospora punctillata,3
NBNORG0000014009,Cercidospora stereocaulorum,3
NBNORG0000000908,Cercidospora verrucosaria,3
NBNORG0000000945,Cetraria aculeata,2
NBNORG0000015302,Cetraria ericetorum,2
NBNORG0000077305,Cetraria islandica subsp. crispiformis,3
NBNORG0000077306,Cetraria islandica subsp. islandica,1
NBNORG0000000946,Cetraria muricata,2
NBNORG0000015304,Cetraria sepincola,1
NBNORG0000003389,Cetrariella commixta,2
NBNORG0000000947,Cetrariella delisei,2
NBNORG0000108531,Cetrelia cetrarioides,3
NBNORG0000108532,Cetrelia chicitae,3
NBNORG0000108533,Cetrelia monachorum,3
NBNORG0000013807,Chaenotheca brachypoda,2
NBNORG0000077316,Chaenotheca brunneola,2
NBNORG0000077317,Chaenotheca chlorella,4
NBNORG0000013805,Chaenotheca furfuracea,2
NBNORG0000013794,Chaenotheca hispidula,2
NBNORG0000013795,Chaenotheca laevigata,4
NBNORG0000013796,Chaenotheca phaeocephala,4
NBNORG0000013797,Chaenotheca stemonea,2
NBNORG0000077321,Chaenotheca trichialis,2
NBNORG0000013798,Chaenotheca xyloxena,3
NBNORG0000013799,Chaenothecopsis caespitosa,4
NBNORG0000013801,Chaenothecopsis epithallina,4
NBNORG0000024740,Chaenothecopsis nigra,3
NBNORG0000077323,Chaenothecopsis parasitaster,3
NBNORG0000013802,Chaenothecopsis pusiola,4
NBNORG0000013788,Chaenothecopsis retinens,4
NBNORG0000000952,Chaenothecopsis rubescens,5
NBNORG0000077324,Chaenothecopsis savonica,3
NBNORG0000077325,Chaenothecopsis subparoica,4
NBNORG0000077326,Chaenothecopsis vainioana,4
NBNORG0000013804,Chaenothecopsis viridialba,4
NBNORG0000077327,Chaenothecopsis viridireagens,4
NBNORG0000077437,Chrysothrix candelaris,1
NBNORG0000015305,Chrysothrix chlorina,2
NBNORG0000077438,Chrysothrix chrysophthalma,3
NBNORG0000001045,Chrysothrix flavovirens,2
NBNORG0000076633,Circinaria contorta,1
NBNORG0000108501,Circinaria hoffmanniana,1
NBNORG0000076636,Circinaria leprosescens,2
NBNORG0000001086,Cladonia alpina,4
NBNORG0000108535,Cladonia asahinae,4
NBNORG0000024741,Cladonia azorica,3
NBNORG0000015307,Cladonia bellidiflora,2
NBNORG0000001087,Cladonia borealis,3
NBNORG0000015308,Cladonia botrytes,3
NBNORG0000077486,Cladonia caespiticia,2
NBNORG0000077487,Cladonia callosa,2
NBNORG0000015309,Cladonia cariosa,4
NBNORG0000015310,Cladonia carneola,2
NBNORG0000015311,Cladonia cenotea,2
NBNORG0000015314,Cladonia ciliata,6
NBNORG0000077492,Cladonia ciliata var. ciliata,2
NBNORG0000077493,Cladonia ciliata var. tenuis,2
NBNORG0000077495,Cladonia coniocraea,1
NBNORG0000015317,Cladonia cornuta,2
NBNORG0000077497,Cladonia crispata var. crispata,4
NBNORG0000108540,Cladonia cryptochlorophaea,4
NBNORG0000015320,Cladonia cyathomorpha,3
NBNORG0000015321,Cladonia deformis,4
NBNORG0000015322,Cladonia digitata,2
NBNORG0000001089,Cladonia diversa,2
NBNORG0000015323,Cladonia fimbriata,2
NBNORG0000015324,Cladonia firma,3
NBNORG0000077498,Cladonia floerkeana,1
NBNORG0000015325,Cladonia foliacea,1
NBNORG0000077499,Cladonia furcata subsp. furcata,1
NBNORG0000077501,Cladonia glauca,3
NBNORG0000015327,Cladonia gracilis,2
NBNORG0000108541,Cladonia grayi s. lat.,4
NBNORG0000077502,Cladonia humilis,2
NBNORG0000077503,Cladonia incrassata,2
NBNORG0000077504,Cladonia luteoalba,2
NBNORG0000015328,Cladonia macilenta,2
NBNORG0000015329,Cladonia macrophylla,4
NBNORG0000015330,Cladonia maxima,3
NBNORG0000015331,Cladonia mediterranea,5
NBNORG0000108542,Cladonia merochlorophaea,4
NBNORG0000028362,Cladonia mitis,4
NBNORG0000077505,Cladonia monomorpha,4
NBNORG0000024742,Cladonia norvegica,4
NBNORG0000077490,Cladonia novochlorophaea,1
NBNORG0000077506,Cladonia ochrochlora,1
NBNORG0000015333,Cladonia parasitica,2
NBNORG0000015334,Cladonia peziziformis,4
NBNORG0000015336,Cladonia pleurota,5
NBNORG0000077507,Cladonia pocillum,1
NBNORG0000077508,Cladonia polydactyla,1
NBNORG0000015337,Cladonia portentosa,1
NBNORG0000001088,Cladonia pulvinata,4
NBNORG0000015338,Cladonia pyxidata,2
NBNORG0000077511,Cladonia ramulosa,2
NBNORG0000015340,Cladonia rei,4
NBNORG0000077513,Cladonia scabriuscula,2
NBNORG0000077515,Cladonia squamosa var. squamosa,2
NBNORG0000070626,Cladonia squamosa var. subsquamosa,2
NBNORG0000077516,Cladonia stellaris,5
NBNORG0000077517,Cladonia stereoclada,4
NBNORG0000015343,Cladonia strepsilis,2
NBNORG0000024833,Cladonia stygia,4
NBNORG0000015345,Cladonia subcervicornis,2
NBNORG0000015346,Cladonia sulphurina,1
NBNORG0000077519,Cladonia symphycarpa,3
NBNORG0000001092,Cladonia trassii,4
NBNORG0000001090,Cladonia umbricola,3
NBNORG0000015313,Cladonia verticillata,1
NBNORG0000015348,Cladonia zopfii,2
NBNORG0000108545,Cladoniicola staurospora,3
NBNORG0000005423,Cladophialophora normandinae,3
NBNORG0000077545,Claurouxia chalybeioides,4
NBNORG0000015491,Clauzadea immersa,2
NBNORG0000015501,Clauzadea metzleri,3
NBNORG0000015499,Clauzadeana macula,2
NBNORG0000108548,Cliostomum coppinsii,4
NBNORG0000015349,Cliostomum corrugatum,5
NBNORG0000001141,Cliostomum flavidulum,4
NBNORG0000015350,Cliostomum griffithii,2
NBNORG0000077598,Cliostomum leprosum,4
NBNORG0000091481,Cliostomum subtenerum,4
NBNORG0000001142,Cliostomum tenerum,2
NBNORG0000077660,Clypeococcum cladonema,3
NBNORG0000077661,Clypeococcum hypocenomyces,2
NBNORG0000001182,Clypeococcum psoromatis,4
NBNORG0000024743,Coccotrema citrinescens,2
NBNORG0000078612,Coenogonium luteum,1
NBNORG0000015362,Collema flaccidum,2
NBNORG0000015365,Collema glebulentum,2
NBNORG0000015368,Collema nigrescens,4
NBNORG0000015372,Collema subflaccidum,2
NBNORG0000015373,Collema subnigrescens,4
NBNORG0000083449,Collemopsidium angermannicum,3
NBNORG0000083443,Collemopsidium arenisedum,4
NBNORG0000013981,Collemopsidium argilospilum,4
NBNORG0000006094,Collemopsidium caesium,4
NBNORG0000083445,Collemopsidium elegans,3
NBNORG0000083446,Collemopsidium foveolatum,2
NBNORG0000013986,Collemopsidium monense,4
NBNORG0000077709,Collemopsidium ostrearum,4
NBNORG0000083448,Collemopsidium pelvetiae,3
NBNORG0000083450,Collemopsidium subarenisedum,4
NBNORG0000083451,Collemopsidium sublitorale,2
NBNORG0000013769,Coniocarpon cinnabarinum,1
NBNORG0000013754,Coniocarpon cuspidans,2
NBNORG0000077912,Cornicularia normoerica,1
NBNORG0000001353,Cornutispora ciliata,3
NBNORG0000001354,Cornutispora lichenicola,3
NBNORG0000015804,Corticifraga fuckelii,2
NBNORG0000015806,Corticifraga peltigerae,2
NBNORG0000001359,Corticiruptor abeloneae,3
NBNORG0000001475,Cresponea premnea,1
NBNORG0000001018,Crittendenia coppinsii,4
NBNORG0000001019,Crittendenia lichenicola,4
NBNORG0000083222,Crocodia aurata,3
NBNORG0000006102,Crutarndina petractoides,2
NBNORG0000003192,Cryptodiscus cladoniicola,3
NBNORG0000014464,Cryptodiscus gloeocapsa,3
NBNORG0000014482,Cryptolechia carneolutea,3
NBNORG0000078263,Cryptothele rhodosticta,4
NBNORG0000001566,Cyrtidula hippocastani,3
NBNORG0000078324,Cyrtidula major,4
NBNORG0000001567,Cyrtidula quercus,2
NBNORG0000024746,Cystocoleus ebeneus,3
NBNORG0000014026,Dacampia hookeri,3
NBNORG0000082831,Dacampia leptogiicola,4
NBNORG0000108549,Dacampia rhizocarpicola,4
NBNORG0000001609,Dacampia rufescentis,4
NBNORG0000001638,Dactylospora amygdalariae,4
NBNORG0000078385,Dactylospora athallina,4
NBNORG0000078386,Dactylospora attendenda,4
NBNORG0000001639,Dactylospora australis,4
NBNORG0000015379,Dactylospora frigida,5
NBNORG0000015381,Dactylospora lobariella,3
NBNORG0000078388,Dactylospora microspora,4
NBNORG0000078390,Dactylospora parasitica,3
NBNORG0000001641,Dactylospora purpurascens,4
NBNORG0000078391,Dactylospora saxatilis,3
NBNORG0000108550,Dactylospora suburceolata,4
NBNORG0000098204,Dactylospora tegularum,4
NBNORG0000015384,Dactylospora urceolata,4
NBNORG0000024753,Dendrographa latebrarum,2
NBNORG0000001689,Dermatocarpon deminuens,5
NBNORG0000078472,Dermatocarpon leptophyllodes,5
NBNORG0000078474,Dermatocarpon luridum,1
NBNORG0000078475,Dermatocarpon meiophyllizum,2
NBNORG0000075824,Dermatocarpon miniatum,1
NBNORG0000016554,Dermatocarpon rivulorum,5
NBNORG0000013767,Diarthonis spadicea,1
NBNORG0000078528,Dibaeis baeomyces,1
NBNORG0000016748,Dictyonema coppinsii,3
NBNORG0000134864,Didymellopsis collemata,4
NBNORG0000001766,Didymellopsis pulposi,4
NBNORG0000004449,Didymocyrtis epiphyscia,4
NBNORG0000078603,Didymocyrtis pseudeverniae,3
NBNORG0000004783,Didymocyrtis slaptoniensis,4
NBNORG0000078636,Diploicia canescens,1
NBNORG0000001846,Diplolaeviopsis ranula,5
NBNORG0000014465,Diploschistes caesioplumbeus,2
NBNORG0000014466,Diploschistes gypsaceus,2
NBNORG0000078643,Diploschistes muscorum,2
NBNORG0000014467,Diploschistes scruposus,2
NBNORG0000078649,Diplotomma hedinii,3
NBNORG0000078647,Diplotomma murorum,4
NBNORG0000078648,Diplotomma pharcidium,4
NBNORG0000078650,Diplotomma vezdanum,4
NBNORG0000108556,Dirina fallax,4
NBNORG0000001930,Elixia flexella,3
NBNORG0000015352,Enchylium bachmanianum,4
NBNORG0000015356,Enchylium confertum,4
NBNORG0000015357,Enchylium conglomeratum,5
NBNORG0000015366,Enchylium limosum,3
NBNORG0000015370,Enchylium polycarpon,2
NBNORG0000077703,Enchylium tenax,1
NBNORG0000015375,Enchylium tenax var. ceranoides sensu auct.,2
NBNORG0000134538,Enchylium tenax var. tenax,3
NBNORG0000134538,Enchylium tenax var. tenax,2
NBNORG0000016555,Endocarpon adscendens,4
NBNORG0000095905,Endocarpon pallidulum,4
NBNORG0000108557,Endocarpon pusillum var. pusillum,4
NBNORG0000001943,Endococcus caudisporus,3
NBNORG0000014065,Endococcus exerrans,3
NBNORG0000117851,Endococcus fusiger,3
NBNORG0000078784,Endococcus macrosporus,3
NBNORG0000108558,Endococcus perpusillus,3
NBNORG0000078786,Endococcus propinquus,3
NBNORG0000014066,Endococcus rugulosus,3
NBNORG0000001944,Endococcus verrucisporus,3
NBNORG0000095906,Endococcus verrucosus,3
NBNORG0000083755,Endohyalina ericina,5
NBNORG0000001965,Endophragmiella hughesii,3
NBNORG0000098265,Enterographa brezhonega,4
NBNORG0000078809,Enterographa crassa,1
NBNORG0000015760,Enterographa hutchinsiae,2
NBNORG0000090830,Enterographa pitardii,4
NBNORG0000015761,Enterographa sorediata,3
NBNORG0000024748,Eopyrenula avellanae,3
NBNORG0000002049,Eopyrenula grandicula,3
NBNORG0000079006,Eopyrenula leucoplaca,4
NBNORG0000024749,Eopyrenula septemseptata,3
NBNORG0000015387,Ephebe hispidula,4
NBNORG0000015388,Ephebe lanata,2
NBNORG0000002055,Epicladonia sandstedei,3
NBNORG0000108560,Epicladonia simplex,4
NBNORG0000002056,Epicladonia stenospora,3
NBNORG0000079023,Epigloea bactrospora,4
NBNORG0000002065,Epigloea filifera,4
NBNORG0000079024,Epigloea grummannii,4
NBNORG0000079025,Epigloea medioincrassata,4
NBNORG0000002066,Epigloea soleiformis,3
NBNORG0000095907,Epigloea urosperma,4
NBNORG0000024750,Epilichen scabrosus,2
NBNORG0000002418,Epithamnolia pertusariae,4
NBNORG0000003357,Erythricium aurantiacum,2
NBNORG0000015637,Euopsis granatina,4
NBNORG0000079108,Euopsis pulvinata,3
NBNORG0000015389,Evernia prunastri,1
NBNORG0000002095,Everniicola flexispora,3
NBNORG0000015390,Farnoldia jurana,3
NBNORG0000013759,Felipes leucopellaeus,2
NBNORG0000079185,Fellhanera bouteillei,3
NBNORG0000002120,Fellhanera ochracea,3
NBNORG0000079186,Fellhanera subtilis,3
NBNORG0000002121,Fellhanera viridisorediata,3
NBNORG0000002123,Fellhaneropsis myrtillicola,3
NBNORG0000002124,Fellhaneropsis vezdae,3
NBNORG0000024751,Fissurina alboscripta,4
NBNORG0000002155,Flavocetraria nivalis,1
NBNORG0000026863,Flavoparmelia caperata,1
NBNORG0000026864,Flavoparmelia soredians,2
NBNORG0000013982,Frigidopyrenia bryospila,5
NBNORG0000002168,Frutidella caesioatra,2
NBNORG0000095910,Frutidella furfuracea,4
NBNORG0000002171,Fulgensia bracteata var. alpina,2
NBNORG0000016542,Fulgensia fulgens,2
NBNORG0000091174,Fulvophyton sorediatum,2
NBNORG0000002196,Fusarium peltigerae,5
NBNORG0000079294,Fuscidea arboricola,2
NBNORG0000015391,Fuscidea austera,3
NBNORG0000079296,Fuscidea cyathoides var. cyathoides,2
NBNORG0000015392,Fuscidea cyathoides var. sorediata,3
NBNORG0000079297,Fuscidea gothoburgensis,3
NBNORG0000015393,Fuscidea intercincta,3
NBNORG0000079298,Fuscidea kochiana,3
NBNORG0000079299,Fuscidea lightfootii,2
NBNORG0000079301,Fuscidea mollis,5
NBNORG0000108563,Fuscidea oceanica,4
NBNORG0000079303,Fuscidea praeruptorum,2
NBNORG0000079304,Fuscidea pusilla,2
NBNORG0000079305,Fuscidea recensa,2
NBNORG0000002206,Fuscopannaria ignobilis,2
NBNORG0000002208,Fuscopannaria mediterranea,2
NBNORG0000015825,Fuscopannaria nebulosa,3
NBNORG0000079404,Geltingia associata,3
NBNORG0000015297,Gilbertaria contristans,3
NBNORG0000084774,Gilbertaria squalescens,4
NBNORG0000015431,Glaucomaria carpinea,2
NBNORG0000015460,Glaucomaria rupicola var. efflorens,2
NBNORG0000080584,Glaucomaria rupicola var. rupicola,2
NBNORG0000080592,Glaucomaria swartzii,2
NBNORG0000015394,Gomphillus calycioides,1
NBNORG0000014468,Graphina pauciloculata,3
NBNORG0000014470,Graphis elegans,2
NBNORG0000014469,Graphis ruiziana,3
NBNORG0000014471,Graphis scripta,1
NBNORG0000090863,Gregorella humida,4
NBNORG0000079540,Gyalecta biformis,4
NBNORG0000014483,Gyalecta derivata,3
NBNORG0000014484,Gyalecta flotovii,4
NBNORG0000014485,Gyalecta foveolaris,4
NBNORG0000091175,Gyalecta hypoleuca,4
NBNORG0000079541,Gyalecta jenensis var. jenensis,2
NBNORG0000079542,Gyalecta jenensis var. macrospora,3
NBNORG0000014488,Gyalecta truncigena,3
NBNORG0000014489,Gyalecta ulmi,3
NBNORG0000079547,Gyalidea fritzei,3
NBNORG0000079548,Gyalidea hyalinescens,3
NBNORG0000079549,Gyalidea lecideopsis,4
NBNORG0000079551,Gyalidea roseola,4
NBNORG0000079552,Gyalidea subscutellaris,4
NBNORG0000098356,Gyalideopsis crenulata,3
NBNORG0000079555,Gyalideopsis muscicola,2
NBNORG0000015768,Gyrographa gyrocarpa,1
NBNORG0000015778,Gyrographa saxigena,3
NBNORG0000079602,Haematomma ochroleucum,2
NBNORG0000079603,Haematomma ochroleucum var. ochroleucum,2
NBNORG0000079604,Haematomma ochroleucum var. porphyrium,2
NBNORG0000015411,Halecania alpivaga,3
NBNORG0000002420,Halecania bryophila,4
NBNORG0000105408,Halecania laevis,4
NBNORG0000002421,Halecania micacea,4
NBNORG0000015404,Halecania ralfsii,3
NBNORG0000015299,Halecania rhypodiza,4
NBNORG0000079612,Halecania spodomela,3
NBNORG0000079613,Halecania viridescens,3
NBNORG0000002454,Hawksworthiana peltigericola,3
NBNORG0000079744,Hemigrapha atlantica,2
NBNORG0000016569,Henrica melaspora,3
NBNORG0000082936,Henrica theleodes,4
NBNORG0000090874,Herteliana gagei,2
NBNORG0000079791,Hertelidea botryosa,3
NBNORG0000079799,Heterodermia leucomelos,2
NBNORG0000079800,Heterodermia speciosa,4
NBNORG0000108568,Heteroplacidium fusculum,5
NBNORG0000014084,Homostegia piggotii,2
NBNORG0000108570,Hydropunctaria aractina,5
NBNORG0000108571,Hydropunctaria oceanica,5
NBNORG0000108572,Hydropunctaria orae,5
NBNORG0000085302,Hydropunctaria rheitrophila,3
NBNORG0000085303,Hydropunctaria scabra,3
NBNORG0000002710,Hymenelia cyanocarpa,3
NBNORG0000002711,Hymenelia epulotica,3
NBNORG0000002712,Hymenelia heteromorpha,3
NBNORG0000002713,Hymenelia melanocarpa,4
NBNORG0000015403,Hymenelia prevostii,3
NBNORG0000070627,Hymenelia rhodopis,4
NBNORG0000002718,Hymenobia aporea,4
NBNORG0000080023,Hyperphyscia adglutinata,2
NBNORG0000080079,Hypocenomyce scalaris,1
NBNORG0000015408,Hypogymnia farinacea,3
NBNORG0000015301,Hypogymnia hultenii,1
NBNORG0000015409,Hypogymnia physodes,1
NBNORG0000080111,Hypogymnia tubulosa,1
NBNORG0000080112,Hypogymnia vittata,4
NBNORG0000080129,Hypotrachyna britannica,2
NBNORG0000080130,Hypotrachyna endochlora,2
NBNORG0000015594,Hypotrachyna laevigata,2
NBNORG0000108574,Hypotrachyna revoluta s. str.,2
NBNORG0000015598,Hypotrachyna sinuosa,2
NBNORG0000080132,Hypotrachyna taylorensis,2
NBNORG0000014783,Icmadophila ericetorum,1
NBNORG0000026897,Illosporium carneum,3
NBNORG0000026900,Immersaria athroocarpa,2
NBNORG0000080165,Imshaugia aleurites,1
NBNORG0000121536,Ingaderia sorediata,2
NBNORG0000095913,Ingaderia vandenboomii,2
NBNORG0000108494,Inoderma byssaceum,4
NBNORG0000090886,Intralichen baccisporus,4
NBNORG0000080271,Intralichen christiansenii,3
NBNORG0000091166,Intralichen lichenicola,4
NBNORG0000080272,Intralichen lichenum,4
NBNORG0000024739,Involucropyrenium waltheri,4
NBNORG0000080277,Ionaspis lacustris,1
NBNORG0000080278,Ionaspis obtecta,4
NBNORG0000080279,Ionaspis odora,3
NBNORG0000079554,Jamesiella anastomosans,2
NBNORG0000014472,Jamesiella scotica,3
NBNORG0000080298,Japewia subaurifera,3
NBNORG0000080299,Japewia tornoensis,4
NBNORG0000052344,Japewiella tavaresiana,3
NBNORG0000080306,Julella sericea,4
NBNORG0000080311,Kalchbrenneriella cyanescens,2
NBNORG0000006149,Kiliasia episema,2
NBNORG0000015237,Koerberiella wimmeriana,2
NBNORG0000015487,Lambiella furvella,3
NBNORG0000024816,Lambiella fuscosora,5
NBNORG0000075922,Lambiella globulosa,4
NBNORG0000027041,Lambiella gyrizans,3
NBNORG0000015493,Lambiella insularis,2
NBNORG0000005294,Lambiella mullensis,3
NBNORG0000024939,Lambiella sphacelata,4
NBNORG0000080521,Lasallia pustulata,1
NBNORG0000080537,Lasiosphaeriopsis salisburyi,4
NBNORG0000003032,Lasiosphaeriopsis supersparsa,4
NBNORG0000077693,Lathagrium auriforme,1
NBNORG0000015359,Lathagrium cristatum var. marginale,2
NBNORG0000015360,Lathagrium dichotomum,3
NBNORG0000015364,Lathagrium fuscovirens,2
NBNORG0000024744,Lathagrium latzelii,4
NBNORG0000015377,Lathagrium undulatum var. granulosum,5
NBNORG0000077706,Lathagrium undulatum var. undulatum,3
NBNORG0000080543,Lecanactis abietina,1
NBNORG0000080546,Lecania aipospila,2
NBNORG0000015412,Lecania atrynoides,4
NBNORG0000015413,Lecania baeomma,3
NBNORG0000015296,Lecania chlorotiza,4
NBNORG0000024754,Lecania coeruleorubella,5
NBNORG0000024755,Lecania coerulescens,5
NBNORG0000080547,Lecania cuprea,3
NBNORG0000080548,Lecania cyrtella,2
NBNORG0000015414,Lecania cyrtellina,3
NBNORG0000015415,Lecania dubitans,4
NBNORG0000015416,Lecania erysibe,2
NBNORG0000108575,Lecania erysibe s. str.,2
NBNORG0000091167,Lecania fructigena,4
NBNORG0000108576,Lecania granulata,4
NBNORG0000080549,Lecania hutchinsiae,3
NBNORG0000080551,Lecania inundata,2
NBNORG0000003038,Lecania naegelii,2
NBNORG0000080552,Lecania nylanderiana,4
NBNORG0000024757,Lecania olivacella,5
NBNORG0000105409,Lecania poeltii,4
NBNORG0000024758,Lecania rabenhorstii,3
NBNORG0000080554,Lecania suavis,4
NBNORG0000024756,Lecania sylvestris,4
NBNORG0000080556,Lecania turicensis,3
NBNORG0000003043,Lecanographa abscondita,3
NBNORG0000003044,Lecanographa amylacea,4
NBNORG0000091168,Lecanographa dialeuca,4
NBNORG0000003046,Lecanographa lyncea,2
NBNORG0000003047,Lecanora albella,3
NBNORG0000098465,Lecanora albellula var. albellula,4
NBNORG0000108577,Lecanora albellula var. macroconidiata,4
NBNORG0000015422,Lecanora alboflavida,2
NBNORG0000015424,Lecanora argentata,2
NBNORG0000024761,Lecanora atromarginata,4
NBNORG0000015427,Lecanora atrosulphurea,3
NBNORG0000003048,Lecanora barkmaniana,3
NBNORG0000015476,Lecanora cadubriae,3
NBNORG0000015429,Lecanora caesiosora,2
NBNORG0000080563,Lecanora campestris subsp. campestris,2
NBNORG0000015430,Lecanora campestris subsp. dolomitica,2
NBNORG0000015433,Lecanora chlarotera,2
NBNORG0000024759,Lecanora chlorophaeodes,4
NBNORG0000024760,Lecanora cinereofusca,4
NBNORG0000003049,Lecanora compallens,3
NBNORG0000117975,Lecanora conizaeoides forma conizaeoides,2
NBNORG0000098467,Lecanora coppinsii,4
NBNORG0000015438,Lecanora epanora,2
NBNORG0000015439,Lecanora epibryon,4
NBNORG0000015440,Lecanora expallens,2
NBNORG0000015441,Lecanora farinaria,2
NBNORG0000003051,Lecanora formosa,3
NBNORG0000015442,Lecanora frustulosa,4
NBNORG0000015444,Lecanora fuscescens,5
NBNORG0000080573,Lecanora gisleriana,4
NBNORG0000080574,Lecanora handelii,3
NBNORG0000080575,Lecanora horiza,3
NBNORG0000098468,Lecanora hybocarpa,4
NBNORG0000003053,Lecanora hypoptella,5
NBNORG0000108581,Lecanora impudens,4
NBNORG0000015447,Lecanora intumescens,2
NBNORG0000080577,Lecanora jamesii,2
NBNORG0000015448,Lecanora leptacina,2
NBNORG0000080578,Lecanora marginata,4
NBNORG0000024933,Lecanora mughicola,4
NBNORG0000003054,Lecanora ochroidea,3
NBNORG0000015505,Lecanora orosthea,2
NBNORG0000080580,Lecanora pannonica,2
NBNORG0000015490,Lecanora phaeostigma,3
NBNORG0000015452,Lecanora poliophaea,2
NBNORG0000015454,Lecanora praepostera,2
NBNORG0000015456,Lecanora pulicaris,2
NBNORG0000015457,Lecanora quercicola,4
NBNORG0000015458,Lecanora rugosella,3
NBNORG0000015461,Lecanora saligna,2
NBNORG0000080585,Lecanora sarcopidoides,4
NBNORG0000108584,Lecanora sinuosa,4
NBNORG0000080587,Lecanora soralifera,2
NBNORG0000015464,Lecanora stenotropa,2
NBNORG0000015466,Lecanora strobilina,3
NBNORG0000015467,Lecanora subaurea,2
NBNORG0000015468,Lecanora subcarnea,2
NBNORG0000080589,Lecanora subintricata,5
NBNORG0000015516,Lecanora sulphurea,2
NBNORG0000102054,Lecanora swartzii,2
NBNORG0000015469,Lecanora symmicta,2
NBNORG0000015470,Lecanora varia,2
NBNORG0000080620,Lecidea alpestris,4
NBNORG0000015475,Lecidea auriculata,3
NBNORG0000026910,Lecidea berengeriana,4
NBNORG0000080622,Lecidea brachyspora,3
NBNORG0000015480,Lecidea confluens,3
NBNORG0000003071,Lecidea confluentula,5
NBNORG0000015483,Lecidea diducens,3
NBNORG0000015484,Lecidea endomelaena,5
NBNORG0000015486,Lecidea fuliginosa,4
NBNORG0000108586,Lecidea fuscoatra s. str.,3
NBNORG0000015472,Lecidea globulispora,4
NBNORG0000003072,Lecidea haerjedalica,5
NBNORG0000108588,Lecidea herteliana,4
NBNORG0000015492,Lecidea inops,4
NBNORG0000015494,Lecidea lapicida,3
NBNORG0000015497,Lecidea lithophila,2
NBNORG0000006652,Lecidea mucosa,5
NBNORG0000003073,Lecidea nylanderi,2
NBNORG0000080631,Lecidea obluridata,5
NBNORG0000015506,Lecidea paraclitica,4
NBNORG0000080633,Lecidea paupercula,4
NBNORG0000080635,Lecidea promiscens,5
NBNORG0000003075,Lecidea promiscua,5
NBNORG0000080636,Lecidea promixta,4
NBNORG0000015511,Lecidea sarcogynoides,4
NBNORG0000003077,Lecidea subspeirea,5
NBNORG0000003078,Lecidea swartzioidea,3
NBNORG0000003079,Lecidea syncarpa,5
NBNORG0000015517,Lecidea turgidula,2
NBNORG0000080645,Lecidella anomaloides,3
NBNORG0000080646,Lecidella asema,2
NBNORG0000080651,Lecidella flavosorediata,4
NBNORG0000003080,Lecidella meiococca,2
NBNORG0000003081,Lecidella patavina,4
NBNORG0000015521,Lecidella scabra,2
NBNORG0000015522,Lecidella stigmatea,2
NBNORG0000003082,Lecidella subviridis,4
NBNORG0000015523,Lecidella viridans,4
NBNORG0000015524,Lecidella wulfenii,4
NBNORG0000015525,Lecidoma demissum,2
NBNORG0000080657,Leightoniomyces phillipsii,4
NBNORG0000081351,Leimonis erratica,2
NBNORG0000081354,Leimonis lynceola,4
NBNORG0000015526,Lemmopsis arnoldiana,4
NBNORG0000015527,Lemmopsis oblongans,5
NBNORG0000015528,Lempholemma botryosum,3
NBNORG0000015529,Lempholemma chalazanellum,4
NBNORG0000015530,Lempholemma chalazanodes,4
NBNORG0000015532,Lempholemma cladodes,3
NBNORG0000015533,Lempholemma intricatum,5
NBNORG0000003093,Lempholemma polyanthes,3
NBNORG0000015534,Lempholemma radiatum,2
NBNORG0000082350,Lepra albescens var. albescens,2
NBNORG0000082351,Lepra albescens var. corallina sensu auct.,2
NBNORG0000004171,Lepra aspergilla,2
NBNORG0000004172,Lepra borealis,3
NBNORG0000015873,Lepra corallina,1
NBNORG0000015875,Lepra dactylina,2
NBNORG0000015877,Lepra excludens,2
NBNORG0000015884,Lepra melanochlora,4
NBNORG0000015885,Lepra monogona,4
NBNORG0000015886,Lepra multipuncta,2
NBNORG0000015888,Lepra ophthalmiza,2
NBNORG0000098476,Lepraria alpina,4
NBNORG0000080747,Lepraria atlantica,4
NBNORG0000080748,Lepraria bergensis,4
NBNORG0000108591,Lepraria borealis,2
NBNORG0000080749,Lepraria caesioalba,2
NBNORG0000080751,Lepraria crassissima,4
NBNORG0000080752,Lepraria diffusa var. chrysodetoides,2
NBNORG0000080753,Lepraria diffusa var. diffusa,3
NBNORG0000003132,Lepraria elobata,3
NBNORG0000080755,Lepraria jackii,3
NBNORG0000080756,Lepraria membranacea,2
NBNORG0000080757,Lepraria neglecta,3
NBNORG0000003133,Lepraria nylanderiana,3
NBNORG0000003134,Lepraria rigidula,2
NBNORG0000091170,Lepraria sylvicola,3
NBNORG0000003135,Lepraria umbricola,2
NBNORG0000080758,Lepraria vouauxii,2
NBNORG0000133786,Leprocaulon quisquiliare,1
NBNORG0000015537,Leptogium brebissonii,2
NBNORG0000015538,Leptogium britannicum,1
NBNORG0000015539,Leptogium burgessii,1
NBNORG0000015541,Leptogium cochleatum,3
NBNORG0000080774,Leptogium coralloideum,3
NBNORG0000080776,Leptogium cyanescens,1
NBNORG0000015543,Leptogium hibernicum,2
NBNORG0000028356,Leptogium hildenbrandii,5
NBNORG0000080781,Leptogium juressianum,4
NBNORG0000015548,Leptogium saturninum,2
NBNORG0000080804,Leptorhaphis atomaria,3
NBNORG0000108594,Leptorhaphis confertior,5
NBNORG0000080805,Leptorhaphis epidermidis,3
NBNORG0000080806,Leptorhaphis maggiana,3
NBNORG0000078194,Leptosillia wienkampii,3
NBNORG0000080812,Leptosphaeria clarkii,4
NBNORG0000108595,Leptosphaeria leucomelaria,4
NBNORG0000084699,Leucodecton isidioides,5
NBNORG0000003224,Libertiella malmedyensis,4
NBNORG0000098503,Lichenochora aipoliae,4
NBNORG0000080926,Lichenochora aprica,4
NBNORG0000098504,Lichenochora coppinsii,4
NBNORG0000108598,Lichenochora epifulgens,3
NBNORG0000003233,Lichenochora inconspicua,4
NBNORG0000003234,Lichenochora lecidellae,4
NBNORG0000080928,Lichenochora mediterraneae,4
NBNORG0000003235,Lichenochora obscuroides,3
NBNORG0000098506,Lichenochora paucispora,4
NBNORG0000080929,Lichenochora weillii,4
NBNORG0000003237,Lichenoconium cargillianum,4
NBNORG0000003238,Lichenoconium erodens,3
NBNORG0000003239,Lichenoconium lecanorae,3
NBNORG0000003241,Lichenoconium pyxidatae,3
NBNORG0000090900,Lichenoconium reichlingii,5
NBNORG0000003242,Lichenoconium usneae,3
NBNORG0000003243,Lichenoconium xanthoriae,3
NBNORG0000090888,Lichenodiplis fallaciosa,5
NBNORG0000003245,Lichenodiplis lecanorae,3
NBNORG0000003246,Lichenodiplis lichenicola,4
NBNORG0000080494,Lichenodiplis opegraphae,3
NBNORG0000003011,Lichenodiplis pertusariicola,3
NBNORG0000118029,Lichenomphalia ericetorum,1
NBNORG0000003248,Lichenopeltella cetrariicola,4
NBNORG0000003249,Lichenopeltella coppinsii,4
NBNORG0000108600,Lichenopeltella pannariacearum,4
NBNORG0000003250,Lichenopeltella peltigericola,3
NBNORG0000003251,Lichenopeltella ramalinae,3
NBNORG0000003253,Lichenopuccinia poeltii,3
NBNORG0000004284,Lichenostigma alpinum,3
NBNORG0000003256,Lichenostigma elongatum,3
NBNORG0000024765,Lichenothelia convexa,3
NBNORG0000098507,Lichenothelia renobalesiana,4
NBNORG0000108648,Lichenotubeufia heterodermiae,4
NBNORG0000003260,Lichinodium sirosiphoideum,4
NBNORG0000080571,Lithocalla ecorticata,3
NBNORG0000015553,Lithographa tesserata,2
NBNORG0000003266,Lithothelium phaeosporum,4
NBNORG0000098510,Llimoniella fuscatae,4
NBNORG0000085114,Llimoniella groenlandiae,4
NBNORG0000015821,Lobaria pulmonaria,1
NBNORG0000015822,Lobarina scrobiculata,1
NBNORG0000024934,Lopadium coralloideum,4
NBNORG0000024766,Lopadium disciforme,2
NBNORG0000080989,Lopadium pezizoideum,3
NBNORG0000081025,Loxospora elatina,2
NBNORG0000015824,Massalongia carnosa,2
NBNORG0000015758,Megalaria grossa,2
NBNORG0000081171,Megalaria laureri,4
NBNORG0000003379,Megalaria pulverea,2
NBNORG0000015554,Megalospora tuberculosa,4
NBNORG0000015588,Megaspora verrucosa,2
NBNORG0000015599,Melanelia stygia,2
NBNORG0000075890,Melanelixia glabratula,1
NBNORG0000081218,Melanohalea exasperata,1
NBNORG0000081219,Melanohalea exasperatula,2
NBNORG0000081220,Melanohalea laciniatula,1
NBNORG0000081221,Melanohalea septentrionalis,2
NBNORG0000015555,Melaspilea amota,3
NBNORG0000024767,Melaspilea atroides,3
NBNORG0000003412,Melaspilea bagliettoana,4
NBNORG0000081279,Melaspilea diplasiospora sensu auct. brit.,5
NBNORG0000024768,Melaspilea interjecta,4
NBNORG0000015556,Melaspilea leciographoides,5
NBNORG0000015557,Melaspilea lentiginosula,4
NBNORG0000015558,Melaspilea ochrothalamia,3
NBNORG0000091171,Menegazzia subsimilis,3
NBNORG0000015560,Menegazzia terebrata,2
NBNORG0000016565,Merismatium deminutum,3
NBNORG0000016566,Merismatium discrepans,3
NBNORG0000014200,Merismatium nigritellum,4
NBNORG0000095915,Metamelanea umbonata,4
NBNORG0000015561,Micarea adnata,2
NBNORG0000015562,Micarea alabastrites,2
NBNORG0000015563,Micarea assimilata,5
NBNORG0000015564,Micarea botryoides,2
NBNORG0000024769,Micarea contexta,4
NBNORG0000081350,Micarea coppinsii,2
NBNORG0000024770,Micarea crassipes,5
NBNORG0000024935,Micarea curvata,4
NBNORG0000003426,Micarea deminuta,3
NBNORG0000015565,Micarea denigrata,2
NBNORG0000024762,Micarea doliiformis,2
NBNORG0000006654,Micarea elachista,5
NBNORG0000003427,Micarea eximia,5
NBNORG0000091484,Micarea farinosa,4
NBNORG0000015566,Micarea globulosella,5
NBNORG0000015567,Micarea hedlundii,3
NBNORG0000091172,Micarea hypoviolascens,4
NBNORG0000015568,Micarea incrassata,3
NBNORG0000003428,Micarea inquinans,3
NBNORG0000077186,Micarea intrusa,3
NBNORG0000003429,Micarea lapillicola,4
NBNORG0000081352,Micarea leprosula,2
NBNORG0000070628,Micarea lignaria var. endoleuca,2
NBNORG0000003430,Micarea lignaria var. lignaria,2
NBNORG0000015569,Micarea lithinella,3
NBNORG0000024936,Micarea marginata,3
NBNORG0000015571,Micarea melaena,2
NBNORG0000081355,Micarea micrococca,2
NBNORG0000015573,Micarea misella,3
NBNORG0000081356,Micarea myriocarpa,3
NBNORG0000015574,Micarea nigella,4
NBNORG0000015575,Micarea nitschkeana,3
NBNORG0000015576,Micarea olivacea,5
NBNORG0000003431,Micarea paratropa,3
NBNORG0000003432,Micarea parva,4
NBNORG0000081357,Micarea peliocarpa,2
NBNORG0000003433,Micarea polycarpella,4
NBNORG0000098550,Micarea prasinella,4
NBNORG0000024771,Micarea pseudomarginata,3
NBNORG0000081358,Micarea pycnidiophora,2
NBNORG0000015578,Micarea stipitata,2
NBNORG0000003434,Micarea subconfusa,4
NBNORG0000003435,Micarea submilliaria,4
NBNORG0000015579,Micarea subnigrata,3
NBNORG0000026954,Micarea subviridescens,5
NBNORG0000015580,Micarea synotheoides,3
NBNORG0000081360,Micarea ternaria,3
NBNORG0000081361,Micarea turfosa,3
NBNORG0000015582,Micarea viridiatra,4
NBNORG0000081362,Micarea viridileprosa,2
NBNORG0000098551,Micarea vulpinaris,4
NBNORG0000075875,Micarea xanthonica,2
NBNORG0000013813,Microcalicium ahlneri,3
NBNORG0000013814,Microcalicium arenarium,2
NBNORG0000081378,Microcalicium disseminatum,3
NBNORG0000003481,Milospium graphideorum,2
NBNORG0000081443,Milospium lacoizquetae,3
NBNORG0000108604,Minutoexcipula tephromelae,3
NBNORG0000003487,Minutophoma chrysophthalmae,3
NBNORG0000015426,Miriquidica atriseda,3
NBNORG0000015474,Miriquidica atrofulva,2
NBNORG0000081450,Miriquidica griseoatra,3
NBNORG0000081451,Miriquidica intrudens,4
NBNORG0000081452,Miriquidica leucophaea,2
NBNORG0000081453,Miriquidica lulensis,4
NBNORG0000083104,Miriquidica nephaea,3
NBNORG0000081455,Miriquidica nigroleprosa var. liljenstroemii,2
NBNORG0000081456,Miriquidica nigroleprosa var. nigroleprosa,2
NBNORG0000098569,Miriquidica pycnocarpa f. pycnocarpa,3
NBNORG0000098570,Miriquidica pycnocarpa f. sorediata,3
NBNORG0000015660,Mischoblastia oxydata,3
NBNORG0000000749,Monerolechia badia,3
NBNORG0000003538,Monodictys anaptychiae,4
NBNORG0000081523,Monodictys epilepraria,4
NBNORG0000003543,Monodictys fuliginosa,4
NBNORG0000026949,Montanelia disjuncta,2
NBNORG0000003619,Muellerella erratica,4
NBNORG0000016557,Muellerella hospitans,3
NBNORG0000081556,Muellerella lichenicola,3
NBNORG0000081557,Muellerella polyspora,4
NBNORG0000081558,Muellerella pygmaea,3
NBNORG0000081560,Muellerella ventosicola,4
NBNORG0000081563,Multiclavula vernalis,4
NBNORG0000000555,Mycobilimbia carneoalbida,4
NBNORG0000015585,Mycoblastus affinis,3
NBNORG0000081695,Mycoblastus alpinus,4
NBNORG0000003656,Mycoblastus caesius,2
NBNORG0000013815,Mycocalicium subtile,3
NBNORG0000014216,Mycoglaena acuminans,3
NBNORG0000081708,Mycoglaena myricae,2
NBNORG0000081712,Mycomicrothelia atlantica,3
NBNORG0000081713,Mycomicrothelia confusa,3
NBNORG0000081715,Mycomicrothelia wallrothii,3
NBNORG0000081719,Mycoporum antecellens,2
NBNORG0000003666,Mycoporum lacteum,3
NBNORG0000108605,Mycoporum sparsellum,4
NBNORG0000003074,Myochroidea porphyrospoda,4
NBNORG0000015419,Myriolecis actophila,2
NBNORG0000015420,Myriolecis agardhiana,3
NBNORG0000080561,Myriolecis albescens,2
NBNORG0000015423,Myriolecis andrewii,2
NBNORG0000108578,Myriolecis antiqua,2
NBNORG0000080565,Myriolecis congesta,5
NBNORG0000080568,Myriolecis crenulata,2
NBNORG0000015443,Myriolecis fugiens,2
NBNORG0000108582,Myriolecis invadens,4
NBNORG0000117982,Myriolecis poliophaea,2
NBNORG0000015453,Myriolecis populicola,2
NBNORG0000015455,Myriolecis pruinosa,2
NBNORG0000015462,Myriolecis salina,5
NBNORG0000015463,Myriolecis sambuci,3
NBNORG0000080594,Myriolecis zosterae,2
NBNORG0000108606,Myriospora dilatata,5
NBNORG0000108607,Myriospora myochroa,5
NBNORG0000080583,Myriospora rhagadiza,5
NBNORG0000081786,Myxophora leptogiophila,3
NBNORG0000013764,Naevia punctiformis,1
NBNORG0000003725,Nanostictis christiansenii,3
NBNORG0000081842,Nectria epicallopisma,5
NBNORG0000081873,Nectriopsis indigens,5
NBNORG0000081874,Nectriopsis lecanodes,1
NBNORG0000108608,Nectriopsis micareae,4
NBNORG0000081875,Nectriopsis parmeliae,4
NBNORG0000108609,Nectriopsis physciicola,4
NBNORG0000081876,Nectriopsis rubefaciens,3
NBNORG0000098612,Neobarya peltigerae,4
NBNORG0000078731,Neoechinodiscus lesdainii,4
NBNORG0000016440,Neolamya peltigerae,5
NBNORG0000015826,Nephroma arcticum,1
NBNORG0000024772,Nephroma helveticum,5
NBNORG0000015827,Nephroma laevigatum,1
NBNORG0000015828,Nephroma parile,1
NBNORG0000015829,Nephroma resupinatum,5
NBNORG0000024773,Nephroma tangeriense,4
NBNORG0000081921,Nesolechia oxyspora,2
NBNORG0000084361,Nesothele hymenogonia,3
NBNORG0000016581,Nesothele rugulosa,5
NBNORG0000016582,Nesothele succedens,3
NBNORG0000002210,Nevesia sampaiana,1
NBNORG0000081931,Niesslia cladoniicola,4
NBNORG0000003799,Niesslia lobariae,4
NBNORG0000081933,Nigromacula uniseptata,2
NBNORG0000003035,Normandina acroglypta,2
NBNORG0000014324,Normandina pulchella,1
NBNORG0000079530,Obryzum corniculatum,4
NBNORG0000015862,Ochrolechia androgyna,1
NBNORG0000003838,Ochrolechia arborea,4
NBNORG0000108610,Ochrolechia bahusiensis,5
NBNORG0000024775,Ochrolechia inaequatula,2
NBNORG0000108611,Ochrolechia laevigata,5
NBNORG0000108612,Ochrolechia mahluensis,5
NBNORG0000003839,Ochrolechia microstictoides,2
NBNORG0000081969,Ochrolechia subviridis,2
NBNORG0000081968,Ochrolechia szatalaensis,2
NBNORG0000081971,Ochrolechia tartarea,1
NBNORG0000003840,Ochrolechia xanthostoma,3
NBNORG0000095916,Opegrapha anomea,4
NBNORG0000015764,Opegrapha areniseda,3
NBNORG0000015782,Opegrapha brevis,3
NBNORG0000015767,Opegrapha cesareensis,3
NBNORG0000082055,Opegrapha corticola,2
NBNORG0000024776,Opegrapha demutata,4
NBNORG0000003918,Opegrapha dolomitica,3
NBNORG0000024777,Opegrapha fumosa,2
NBNORG0000015771,Opegrapha lithyrga,2
NBNORG0000082057,Opegrapha niveoatra,3
NBNORG0000082058,Opegrapha parasitica,4
NBNORG0000082059,Opegrapha pertusariicola,2
NBNORG0000015775,Opegrapha pulvinata,3
NBNORG0000002925,Opegrapha reactiva,4
NBNORG0000003921,Opegrapha rotunda,3
NBNORG0000082060,Opegrapha rubefacta,5
NBNORG0000003922,Opegrapha rupestris,2
NBNORG0000082062,Opegrapha sphaerophoricola,3
NBNORG0000015783,Opegrapha thelotrematis,3
NBNORG0000098632,Opegrapha trochodes,4
NBNORG0000082063,Opegrapha vermicellifera,2
NBNORG0000015781,Opegrapha vulgata,3
NBNORG0000082080,Ophioparma ventosa,1
NBNORG0000015649,Orcularia insperata,4
NBNORG0000082106,Orphniospora moriopsis var. brunnea,5
NBNORG0000082107,Orphniospora moriopsis var. moriopsis,3
NBNORG0000000336,Pachnolepia pruinata,2
NBNORG0000014490,Pachyphiale carneola,2
NBNORG0000014491,Pachyphiale fagicola,4
NBNORG0000108580,Palicella filamentosa,5
NBNORG0000016600,Parabagliettoa cyanea,4
NBNORG0000016602,Parabagliettoa dufourii,2
NBNORG0000016586,Parabagliettoa impressa,3
NBNORG0000016620,Parabagliettoa pinguicula,2
NBNORG0000003045,Paralecanographa grumulosa,3
NBNORG0000015160,Paranectria affinis,4
NBNORG0000082186,Paranectria superba,4
NBNORG0000015593,Parmelia discordans,2
NBNORG0000082193,Parmelia ernstiae,2
NBNORG0000015595,Parmelia omphalodes,1
NBNORG0000024778,Parmelia submontana,2
NBNORG0000015601,Parmelia sulcata,1
NBNORG0000004008,Parmeliella parvula,1
NBNORG0000015603,Parmeliella testacea,2
NBNORG0000082202,Parmeliella thriptophylla,1
NBNORG0000091488,Parmelina carporrhizans,2
NBNORG0000026982,Parmelina pastillifera,2
NBNORG0000026983,Parmelina tiliacea,2
NBNORG0000026984,Parmelinopsis horrescens,3
NBNORG0000082205,Parmelinopsis minarum,3
NBNORG0000026985,Parmeliopsis ambigua,1
NBNORG0000026986,Parmeliopsis hyperopta,2
NBNORG0000015591,Parmotrema arnoldii,3
NBNORG0000082197,Parmotrema crinitum,1
NBNORG0000004009,Parmotrema perlatum,1
NBNORG0000098653,Parmotrema pseudoreticulatum,5
NBNORG0000026987,Parmotrema robustum,4
NBNORG0000108551,Pectenia cyanoloma,1
NBNORG0000108551,Pectenia cyanoloma,2
NBNORG0000024747,Pectenia ligulata,3
NBNORG0000082241,Peltigera britannica,2
NBNORG0000015830,Peltigera canina,2
NBNORG0000015831,Peltigera collina,1
NBNORG0000015832,Peltigera degenii,2
NBNORG0000082242,Peltigera didactyla,2
NBNORG0000082243,Peltigera elisabethae,4
NBNORG0000015833,Peltigera horizontalis,1
NBNORG0000026990,Peltigera hymenina,1
NBNORG0000015834,Peltigera lepidophora,4
NBNORG0000015835,Peltigera leucophlebia,1
NBNORG0000015836,Peltigera malacea,3
NBNORG0000015837,Peltigera membranacea,1
NBNORG0000082246,Peltigera polydactylon,2
NBNORG0000024779,Peltigera ponojensis,4
NBNORG0000082248,Peltigera praetextata,1
NBNORG0000082249,Peltigera rufescens,2
NBNORG0000015838,Peltigera scabrosa,4
NBNORG0000004032,Peltigera scabrosella,4
NBNORG0000015839,Peltigera venosa,4
NBNORG0000004157,Perigrapha superveniens,3
NBNORG0000118129,Pertusaria amara f. amara,2
NBNORG0000015868,Pertusaria amarescens,2
NBNORG0000015869,Pertusaria bryontha,4
NBNORG0000015871,Pertusaria chiodectonoides,3
NBNORG0000015872,Pertusaria coccodes,2
NBNORG0000015874,Pertusaria coronata,2
NBNORG0000015878,Pertusaria flavicans,2
NBNORG0000082357,Pertusaria flavida,2
NBNORG0000024780,Pertusaria flavocorallina,4
NBNORG0000015879,Pertusaria glomerata,4
NBNORG0000004174,Pertusaria hutchinsiae,3
NBNORG0000015880,Pertusaria hymenea,2
NBNORG0000015882,Pertusaria lactescens,2
NBNORG0000015883,Pertusaria leioplaca,2
NBNORG0000082363,Pertusaria leucosora,4
NBNORG0000015887,Pertusaria oculata,2
NBNORG0000015889,Pertusaria pertusa,1
NBNORG0000004175,Pertusaria pluripuncta,4
NBNORG0000015890,Pertusaria polythecia,5
NBNORG0000015891,Pertusaria pseudocorallina,2
NBNORG0000052370,Pertusaria pupillaris,2
NBNORG0000015893,Pertusaria pustulata,5
NBNORG0000014492,Petractis clausa,2
NBNORG0000014932,Pezizella epithallina,4
NBNORG0000003920,Phacothecium varium,3
NBNORG0000013817,Phaeocalicium praecedens,3
NBNORG0000082454,Phaeographis dendritica,3
NBNORG0000082455,Phaeographis inusta,3
NBNORG0000014473,Phaeographis lyellii,3
NBNORG0000014474,Phaeographis smithii,3
NBNORG0000024781,Phaeophyscia endococcina,3
NBNORG0000015605,Phaeophyscia endophoenicea,2
NBNORG0000082470,Phaeophyscia nigricans,1
NBNORG0000082471,Phaeophyscia orbicularis,1
NBNORG0000082472,Phaeophyscia sciastra,3
NBNORG0000016558,Phaeospora exoriens,5
NBNORG0000082500,Phaeospora parasitica,3
NBNORG0000016559,Phaeospora rimosicola,3
NBNORG0000082563,Phlyctis agelaea,3
NBNORG0000004406,Phoma everniae,4
NBNORG0000108621,Phoma lecanorae,4
NBNORG0000108622,Phoma lichenis,5
NBNORG0000004429,Phoma lobariae,4
NBNORG0000082668,Phylliscum demangeonii,4
NBNORG0000091176,Phylloblastia inexpectata,3
NBNORG0000015607,Phyllopsora rosei,2
NBNORG0000082706,Physcia caesia,1
NBNORG0000015608,Physcia dubia,2
NBNORG0000004623,Physcia leptalea,2
NBNORG0000015610,Physcia stellaris,2
NBNORG0000015611,Physcia tenella,1
NBNORG0000015613,Physcia tribacia,2
NBNORG0000015614,Physcia tribacioides,2
NBNORG0000015615,Physconia distorta,1
NBNORG0000015616,Physconia enteroxantha,2
NBNORG0000015617,Physconia grisea,2
NBNORG0000015619,Physconia perisidiosa,2
NBNORG0000084459,Piccolia ochrophora,1
NBNORG0000015620,Pilophorus strumaticus,1
NBNORG0000082773,Placidiopsis custnani,2
NBNORG0000024782,Placidiopsis pseudocinerea,5
NBNORG0000024735,Placidium boccanum,5
NBNORG0000052367,Placidium lachneum,3
NBNORG0000016552,Placidium michelii,5
NBNORG0000024736,Placidium pilosellum,3
NBNORG0000024737,Placidium rufescens,4
NBNORG0000024738,Placidium squamulosum,2
NBNORG0000015621,Placopsis gelida,4
NBNORG0000082775,Placopsis lambii,1
NBNORG0000006440,Placopyrenium canellum,3
NBNORG0000098788,Placopyrenium cinereoatratum,4
NBNORG0000098789,Placopyrenium formosum,4
NBNORG0000085290,Placopyrenium fuscellum,2
NBNORG0000082779,Placynthiella dasaea,2
NBNORG0000082780,Placynthiella hyporhoda,4
NBNORG0000082781,Placynthiella icmalea,2
NBNORG0000015623,Placynthiella uliginosa,2
NBNORG0000098791,Placynthium anemoideum,5
NBNORG0000015840,Placynthium asperellum,3
NBNORG0000090800,Placynthium caesium,5
NBNORG0000015846,Placynthium dolichoterum,4
NBNORG0000015841,Placynthium flabellosum,2
NBNORG0000090991,Placynthium hungaricum,5
NBNORG0000015844,Placynthium nigrum,1
NBNORG0000015845,Placynthium pannariellum,4
NBNORG0000015847,Placynthium subradiatum,2
NBNORG0000015848,Placynthium tantaleum,3
NBNORG0000082785,Placynthium tremniacum,4
NBNORG0000082804,Platismatia glauca,1
NBNORG0000015624,Platismatia norvegica,2
NBNORG0000082813,Plectocarpon lichenum,1
NBNORG0000004696,Plectocarpon scrobiculatae,3
NBNORG0000004702,Pleopsidium chlorophanum,3
NBNORG0000015590,Pleurosticta acetabulum,1
NBNORG0000015386,Poeltinula cerebrina,3
NBNORG0000082932,Polyblastia agraria,3
NBNORG0000016561,Polyblastia albida,3
NBNORG0000016564,Polyblastia cupularis,3
NBNORG0000082933,Polyblastia dermatodes,3
NBNORG0000024783,Polyblastia efflorescens,4
NBNORG0000027011,Polyblastia gothica,5
NBNORG0000016567,Polyblastia helvetica,4
NBNORG0000108626,Polyblastia inumbrata agg.,5
NBNORG0000082934,Polyblastia philaea,4
NBNORG0000016570,Polyblastia quartzina,4
NBNORG0000016571,Polyblastia sendtneri,4
NBNORG0000016573,Polyblastia verrucosa,4
NBNORG0000015626,Polychidium muscicola,2
NBNORG0000082939,Polycoccum arnoldii,4
NBNORG0000082940,Polycoccum crassum,4
NBNORG0000082942,Polycoccum dzieduszyckii,4
NBNORG0000004781,Polycoccum kerneri,4
NBNORG0000014300,Polycoccum marmoratum,3
NBNORG0000004782,Polycoccum microcarpum,4
NBNORG0000082944,Polycoccum minutulum,4
NBNORG0000082946,Polycoccum peltigerae,3
NBNORG0000014298,Polycoccum pulvinatum,3
NBNORG0000082947,Polycoccum sporastatiae,5
NBNORG0000014301,Polycoccum squamarioides,3
NBNORG0000082948,Polycoccum trypethelioides,3
NBNORG0000123292,Polysporina ferruginea,5
NBNORG0000027015,Porina aenea,2
NBNORG0000016149,Porina ahlesiana,3
NBNORG0000083001,Porina byssophila,3
NBNORG0000083002,Porina coralloidea,2
NBNORG0000016152,Porina curnowii,3
NBNORG0000024784,Porina ginzbergeri,3
NBNORG0000027016,Porina grandis,3
NBNORG0000083003,Porina guentheri var. guentheri,3
NBNORG0000016154,Porina guentheri var. lucens,3
NBNORG0000083004,Porina hibernica,3
NBNORG0000016155,Porina interjungens,3
NBNORG0000016156,Porina lectissima,2
NBNORG0000016157,Porina leptalea,2
NBNORG0000004820,Porina leptospora,4
NBNORG0000083005,Porina linearis,3
NBNORG0000083006,Porina mammillosa,3
NBNORG0000083009,Porina rosei,3
NBNORG0000024785,Porina sudetica,4
NBNORG0000123270,Porocyphus rehmicus,5
NBNORG0000015397,Porpidia cinereoatra,3
NBNORG0000024787,Porpidia contraponenda,4
NBNORG0000015398,Porpidia crustulata,2
NBNORG0000024788,Porpidia flavicunda,4
NBNORG0000083025,Porpidia flavocruenta,3
NBNORG0000015399,Porpidia hydrophila,2
NBNORG0000083028,Porpidia lowiana,5
NBNORG0000083030,Porpidia macrocarpa f. nigrocruenta,3
NBNORG0000004824,Porpidia melinodes,2
NBNORG0000083033,Porpidia nadvornikiana,4
NBNORG0000004825,Porpidia ochrolemma,5
NBNORG0000083024,Porpidia pachythallina,5
NBNORG0000015400,Porpidia platycarpoides,3
NBNORG0000083035,Porpidia rugosa,2
NBNORG0000015401,Porpidia soredizodes,2
NBNORG0000015513,Porpidia speirea,2
NBNORG0000083039,Porpidia thomsonii,5
NBNORG0000015402,Porpidia tuberculosa,2
NBNORG0000004826,Porpidia zeoroides,4
NBNORG0000015711,Porpidinia tumidula,5
NBNORG0000083070,Pronectria echinulata,4
NBNORG0000098821,Pronectria oligospora,4
NBNORG0000083072,Pronectria pertusariicola,3
NBNORG0000015156,Pronectria robergei,3
NBNORG0000015157,Pronectria tenacis,4
NBNORG0000015158,Pronectria tenuispora,4
NBNORG0000004837,Pronectria xanthoriae,3
NBNORG0000083084,Protoblastenia calva,3
NBNORG0000083085,Protoblastenia cyclospora,3
NBNORG0000083086,Protoblastenia incrustans,2
NBNORG0000083087,Protoblastenia lilacina,3
NBNORG0000016543,Protoblastenia rupestris,1
NBNORG0000083088,Protoblastenia siebenhaariana,2
NBNORG0000015479,Protomicarea commaculans,4
NBNORG0000075860,Protomicarea limosa,3
NBNORG0000083100,Protopannaria pezizoides,1
NBNORG0000015428,Protoparmelia badia,2
NBNORG0000083102,Protoparmelia memnonia,3
NBNORG0000015504,Protoparmelia ochrococca,2
NBNORG0000024790,Protoparmelia oleagina,3
NBNORG0000015418,Protoparmeliopsis achariana,3
NBNORG0000024791,Protothelenella corrosa,3
NBNORG0000083117,Protothelenella leucothelia,5
NBNORG0000083118,Protothelenella sphinctrinoidella,3
NBNORG0000024792,Protothelenella sphinctrinoides,3
NBNORG0000098829,Protounguicularia nephromatis,4
NBNORG0000083131,Psammina inflata,4
NBNORG0000091185,Psammina lobariae,3
NBNORG0000083132,Psammina palmata,4
NBNORG0000083133,Psammina simplex,4
NBNORG0000004850,Psammina stipitata,4
NBNORG0000004884,Pseudephebe minuscula,5
NBNORG0000083192,Pseudephebe pubescens,1
NBNORG0000083200,Pseudevernia furfuracea var. ceratea,2
NBNORG0000083201,Pseudevernia furfuracea var. furfuracea,2
NBNORG0000015849,Pseudocyphellaria citrina,1
NBNORG0000015850,Pseudocyphellaria intricata,2
NBNORG0000015851,Pseudocyphellaria lacerata,4
NBNORG0000015852,Pseudocyphellaria norvegica,2
NBNORG0000015542,Pseudoleptogium diffractum,3
NBNORG0000083262,Pseudoseptoria usneae,4
NBNORG0000084696,Pseudothelomma ocellatum,3
NBNORG0000015628,Psilolechia clavulifera,3
NBNORG0000024793,Psilolechia leprosa,2
NBNORG0000083309,Psilolechia lucida,1
NBNORG0000015629,Psora decipiens,1
NBNORG0000024794,Psora globifera,5
NBNORG0000015631,Psora rubiformis,4
NBNORG0000083317,Psoroglaena abscondita,3
NBNORG0000080872,Psoroglaena biatorella,4
NBNORG0000004938,Psoroglaena stigonemoides,3
NBNORG0000015632,Psoroma hypnorum,2
NBNORG0000015762,Psoronactis dilleniana,4
NBNORG0000015635,Psorotichia schaereri,3
NBNORG0000024795,Pterygiopsis concordatula,3
NBNORG0000083324,Pterygiopsis lacustris,4
NBNORG0000015784,Ptychographa xylographoides,3
NBNORG0000027030,Punctelia borreri,2
NBNORG0000083422,Punctelia reddenda,2
NBNORG0000098305,Puttea duplex,4
NBNORG0000108631,Pycnora praestabilis,4
NBNORG0000083433,Pycnora sorophora,2
NBNORG0000083434,Pycnora xanthococca,4
NBNORG0000014309,Pyrenidium actinellum,3
NBNORG0000004977,Pyrenidium hetairizans,4
NBNORG0000084713,Pyrenocarpon thelostomum,4
NBNORG0000024796,Pyrenopsis grumulifera,4
NBNORG0000083472,Pyrenopsis impolita,4
NBNORG0000015638,Pyrenopsis phylliscella,5
NBNORG0000027033,Pyrenopsis subareolata,3
NBNORG0000016158,Pyrenula chlorospila,2
NBNORG0000024797,Pyrenula coryli,4
NBNORG0000016160,Pyrenula laevigata,3
NBNORG0000083476,Pyrenula macrospora,1
NBNORG0000016162,Pyrenula nitida,4
NBNORG0000083479,Pyrenula nitidella,4
NBNORG0000016161,Pyrenula occidentalis,2
NBNORG0000083488,Pyrrhospora quernea,2
NBNORG0000005001,Pyrrhospora rubiginans,3
NBNORG0000083516,Raciborskiomyces peltigericola,4
NBNORG0000024798,Racodium rupestre,3
NBNORG0000082438,Raesaenenia huuskonenii,2
NBNORG0000015639,Ramalina calicaris,2
NBNORG0000083527,Ramalina canariensis,2
NBNORG0000024799,Ramalina capitata,3
NBNORG0000015648,Ramalina chondrina,4
NBNORG0000015641,Ramalina farinacea,1
NBNORG0000015642,Ramalina fastigiata,1
NBNORG0000015643,Ramalina fraxinea,1
NBNORG0000083530,Ramalina lacera,3
NBNORG0000015644,Ramalina pollinaria,3
NBNORG0000015645,Ramalina polymorpha,2
NBNORG0000015646,Ramalina portuensis,2
NBNORG0000083532,Ramalina subfarinacea,2
NBNORG0000005077,Ramboldia insidiosa,4
NBNORG0000095920,Ramonia calcicola,4
NBNORG0000083564,Ramonia chrysophaea,3
NBNORG0000024800,Ramonia dictyospora,3
NBNORG0000005083,Ramonia interjecta,3
NBNORG0000014476,Ramonia melathelia,3
NBNORG0000024801,Ramonia nigra,4
NBNORG0000098885,Reconditella physconiarum,4
NBNORG0000005188,Refractohilum achromaticum,4
NBNORG0000005189,Refractohilum galligenum,3
NBNORG0000005190,Refractohilum pluriseptatum,4
NBNORG0000133716,Reichlingia anombrophila,3
NBNORG0000076502,Reichlingia dendritica,4
NBNORG0000083596,Reichlingia leopoldii,3
NBNORG0000013771,Reichlingia zwackhii,4
NBNORG0000083594,Rhagadostoma lichenicola,3
NBNORG0000083626,Rhagadostoma rugosum,4
NBNORG0000083632,Rhaphidicyrtis trichosporella,3
NBNORG0000005211,Rhexophiale rhexoblephara,3
NBNORG0000083641,Rhizocarpon advenulum,4
NBNORG0000024802,Rhizocarpon alpicola,3
NBNORG0000005228,Rhizocarpon anaperum,4
NBNORG0000083642,Rhizocarpon badioatrum,4
NBNORG0000024803,Rhizocarpon caeruleoalbum,5
NBNORG0000024804,Rhizocarpon chioneum,5
NBNORG0000005229,Rhizocarpon cinereonigrum,5
NBNORG0000083643,Rhizocarpon cinereovirens,4
NBNORG0000083644,Rhizocarpon copelandii,4
NBNORG0000024805,Rhizocarpon distinctum,3
NBNORG0000083646,Rhizocarpon eupetraeoides,5
NBNORG0000083647,Rhizocarpon expallescens,5
NBNORG0000083648,Rhizocarpon ferax,5
NBNORG0000083649,Rhizocarpon furfurosum,3
NBNORG0000024806,Rhizocarpon geminatum,4
NBNORG0000005230,Rhizocarpon grande,5
NBNORG0000083650,Rhizocarpon hochstetteri,3
NBNORG0000024808,Rhizocarpon inarense,5
NBNORG0000075805,Rhizocarpon infernulum f. infernulum,4
NBNORG0000024809,Rhizocarpon intermediellum,5
NBNORG0000083654,Rhizocarpon intersitum,4
NBNORG0000024810,Rhizocarpon lecanorinum,2
NBNORG0000024938,Rhizocarpon ochrolechiae,4
NBNORG0000083658,Rhizocarpon oederi,2
NBNORG0000083659,Rhizocarpon petraeum,2
NBNORG0000024811,Rhizocarpon polycarpum,3
NBNORG0000024812,Rhizocarpon postumum,5
NBNORG0000005231,Rhizocarpon reductum,2
NBNORG0000083661,Rhizocarpon ridescens,4
NBNORG0000024813,Rhizocarpon simillimum,4
NBNORG0000024814,Rhizocarpon subgeminatum,3
NBNORG0000005232,Rhizocarpon submodestum,5
NBNORG0000005233,Rhizocarpon subpostumum,5
NBNORG0000083664,Rhizocarpon superficiale,5
NBNORG0000083665,Rhizocarpon timdalii,5
NBNORG0000024815,Rhizocarpon umbilicatum,3
NBNORG0000083666,Rhizocarpon viridiatrum,3
NBNORG0000083725,Rhymbocarpus cruciatus,3
NBNORG0000079401,Rhymbocarpus ericetorum,4
NBNORG0000083726,Rhymbocarpus neglectus,4
NBNORG0000083727,Rhymbocarpus pubescens,4
NBNORG0000015820,Ricasolia amplissima,1
NBNORG0000015823,Ricasolia laetevirens,1
NBNORG0000015584,Rimularia badioatra,3
NBNORG0000005293,Rimularia intercedens,2
NBNORG0000015496,Rimularia limborina,2
NBNORG0000015276,Rinodina aspersa,3
NBNORG0000005295,Rinodina beccariana,4
NBNORG0000083752,Rinodina bischoffii,3
NBNORG0000005299,Rinodina cinnamomea,5
NBNORG0000083754,Rinodina colobinoides,3
NBNORG0000015651,Rinodina confragosa,3
NBNORG0000015652,Rinodina conradii,3
NBNORG0000015653,Rinodina efflorescens,2
NBNORG0000005297,Rinodina fimbriata,3
NBNORG0000005298,Rinodina flavosoralifera,4
NBNORG0000024817,Rinodina griseosoralifera,2
NBNORG0000091178,Rinodina insularis,3
NBNORG0000108633,Rinodina intermedia,4
NBNORG0000015657,Rinodina interpolata,3
NBNORG0000015658,Rinodina isidioides,3
NBNORG0000083757,Rinodina laevigata,5
NBNORG0000015659,Rinodina luridescens,3
NBNORG0000083758,Rinodina milvina,5
NBNORG0000005300,Rinodina mniaraeiza,5
NBNORG0000083761,Rinodina occulta,3
NBNORG0000015655,Rinodina oleae,2
NBNORG0000024818,Rinodina parasitica,5
NBNORG0000005301,Rinodina pityrea,3
NBNORG0000015661,Rinodina pyrina,4
NBNORG0000024940,Rinodina roboris var. armeriicola,3
NBNORG0000005302,Rinodina roboris var. roboris,2
NBNORG0000083763,Rinodina sicula,3
NBNORG0000083765,Rinodina sophodes,2
NBNORG0000005296,Rinodina subpariata,4
NBNORG0000015663,Rinodina teichophila,2
NBNORG0000015785,Roccella fuciformis,1
NBNORG0000015786,Roccella phycopsis,1
NBNORG0000091368,Roccellographa circumscripta,2
NBNORG0000015630,Romjularia lurida,2
NBNORG0000083780,Ropalospora hibernica,5
NBNORG0000108635,Ropalospora lugubris f. sorediata,4
NBNORG0000005306,Ropalospora viridis,3
NBNORG0000016344,Roselliniella cladoniae,3
NBNORG0000083789,Roselliniella microthelia,3
NBNORG0000016346,Roselliniella nephromatis,3
NBNORG0000005319,Roselliniopsis gelidaria,3
NBNORG0000098908,Roselliniopsis ventosa,4
NBNORG0000015355,Rostania ceranisca,4
NBNORG0000015369,Rostania occultata,4
NBNORG0000005379,Sagediopsis aquatica,3
NBNORG0000005380,Sagediopsis barbara,3
NBNORG0000005381,Sagediopsis campsteriana,4
NBNORG0000083966,Sagediopsis lomnitzensis,3
NBNORG0000014475,Sagiolechia protuberans,3
NBNORG0000015665,Sarcogyne clavus,3
NBNORG0000082978,Sarcogyne cyclocarpa,4
NBNORG0000015666,Sarcogyne hypophaea,3
NBNORG0000083984,Sarcogyne regularis,2
NBNORG0000083987,Sarcopyrenia beckhausiana,4
NBNORG0000024941,Sarcopyrenia cylindrospora,4
NBNORG0000118244,Sarcopyrenia geisleri,2
NBNORG0000083990,Sarcosagium campestre var. campestre,3
NBNORG0000015668,Sarcosagium campestre var. macrosporum,3
NBNORG0000084008,Schadonia fecunda,4
NBNORG0000084010,Schaereria cinereorufa,2
NBNORG0000024819,Schaereria corticola,4
NBNORG0000084011,Schaereria fuscocinerea var. fuscocinerea,2
NBNORG0000070783,Schaereria fuscocinerea var. sorediata,3
NBNORG0000015788,Schismatomma ricasolii,3
NBNORG0000015763,Schismatomma umbrinum,2
NBNORG0000084016,Schizotrema quercicola,2
NBNORG0000095921,Sclerococcum griseisporodochium,3
NBNORG0000005422,Sclerococcum montagnei,4
NBNORG0000078389,Sclerococcum ophthalmizae,3
NBNORG0000123280,Sclerococcum parasiticum,3
NBNORG0000005424,Sclerococcum simplex,5
NBNORG0000108636,Sclerococcum tephromelarum,3
NBNORG0000084070,Sclerophora pallida,3
NBNORG0000013806,Sclerophora peronella,3
NBNORG0000084080,Scoliciosporum chlorococcum,3
NBNORG0000084081,Scoliciosporum curvatum,2
NBNORG0000084082,Scoliciosporum pruinosum,2
NBNORG0000084083,Scoliciosporum sarothamni,3
NBNORG0000005452,Scoliciosporum umbrinum,2
NBNORG0000015247,Scutula circumspecta,4
NBNORG0000084109,Scutula dedicata,4
NBNORG0000015242,Scutula effusa,4
NBNORG0000015673,Scutula epiblastematica,4
NBNORG0000015673,Scutula epiblastematica,3
NBNORG0000005491,Scutula miliaris,4
NBNORG0000005492,Scutula tuberculosa,3
NBNORG0000015536,Scytinium biatorinum,3
NBNORG0000077694,Scytinium callopismum,4
NBNORG0000015354,Scytinium callopismum var. rhyparodes sensu auct.,4
NBNORG0000015363,Scytinium fragile,3
NBNORG0000077699,Scytinium fragrans,3
NBNORG0000080778,Scytinium gelatinosum,2
NBNORG0000080780,Scytinium imbricatum,4
NBNORG0000015546,Scytinium intermedium,4
NBNORG0000015544,Scytinium lichenoides,2
NBNORG0000108593,Scytinium magnussonii,4
NBNORG0000015545,Scytinium massiliense,2
NBNORG0000026919,Scytinium palmatum,2
NBNORG0000024745,Scytinium parvum,4
NBNORG0000003141,Scytinium subtorulosum,2
NBNORG0000015550,Scytinium tenuissimum,4
NBNORG0000015551,Scytinium turgidum,2
NBNORG0000015674,Siphula ceratites,2
NBNORG0000015809,Skyttea buelliae,3
NBNORG0000084202,Skyttea caesii,3
NBNORG0000084203,Skyttea elachistophora,5
NBNORG0000015811,Skyttea gregaria,2
NBNORG0000084204,Skyttea lecanorae,3
NBNORG0000084205,Skyttea nitschkei,2
NBNORG0000084206,Skyttea pyrenulae,2
NBNORG0000084207,Skyttea spinosa,5
NBNORG0000108637,Skyttea tephromelarum,3
NBNORG0000084208,Skyttea viridis,5
NBNORG0000005695,Skyttella mulleri,4
NBNORG0000084015,Snippocia nivea,2
NBNORG0000084214,Solenopsora candicans,1
NBNORG0000084215,Solenopsora holophaea,2
NBNORG0000024820,Solenopsora liparina,4
NBNORG0000084216,Solenopsora vulturiensis,2
NBNORG0000084218,Solorina bispora var. bispora,3
NBNORG0000084219,Solorina bispora var. macrospora,3
NBNORG0000015854,Solorina bispora var. monospora,3
NBNORG0000015855,Solorina crocea,1
NBNORG0000015856,Solorina saccata,1
NBNORG0000015857,Solorina spongiosa,1
NBNORG0000076508,Sparria endlicheri,4
NBNORG0000091080,Sphaerellothecium cladoniae,3
NBNORG0000005719,Sphaerellothecium minutum,4
NBNORG0000078785,Sphaerellothecium parietinarium,3
NBNORG0000005720,Sphaerellothecium propinquellum,3
NBNORG0000005945,Sphaerellothecium pumilum,4
NBNORG0000081987,Sphaeropezia pertusariae,4
NBNORG0000013818,Sphaerophorus fragilis,2
NBNORG0000013819,Sphaerophorus globosus,1
NBNORG0000014325,Sphaerulina dolichotera,5
NBNORG0000084263,Sphaerulina dubiella,5
NBNORG0000013820,Sphinctrina anglica,3
NBNORG0000013821,Sphinctrina leucopoda,5
NBNORG0000013822,Sphinctrina tubaeformis,4
NBNORG0000013823,Sphinctrina turbinata,2
NBNORG0000015675,Spilonema paradoxum,5
NBNORG0000015676,Spilonema revertens,5
NBNORG0000082825,Spirographa fusisporella,3
NBNORG0000077914,Spirographa triangularis,3
NBNORG0000005773,Spirographa vinosa,5
NBNORG0000015677,Sporastatia polyspora,4
NBNORG0000084301,Sporastatia testudinea,4
NBNORG0000016563,Sporodictyon cruentum,3
NBNORG0000098814,Sporodictyon schaererianum,3
NBNORG0000015787,Sporodophoron cretaceum,2
NBNORG0000015678,Squamarina lentigera,4
NBNORG0000024834,Staurothele arctica,5
NBNORG0000016576,Staurothele bacilligera,4
NBNORG0000016577,Staurothele caesia,3
NBNORG0000016579,Staurothele fissa,3
NBNORG0000005905,Staurothele frustulenta,4
NBNORG0000084359,Staurothele geoica,5
NBNORG0000084360,Staurothele guestphalica,3
NBNORG0000016580,Staurothele rufa,5
NBNORG0000084362,Staurothele rupifraga,3
NBNORG0000015679,Steinia geophana,3
NBNORG0000084387,Stenocybe nitida,1
NBNORG0000005921,Stenocybe pullatula,1
NBNORG0000084388,Stenocybe septata,1
NBNORG0000015680,Stereocaulon alpinum,4
NBNORG0000015682,Stereocaulon condensatum,3
NBNORG0000084394,Stereocaulon cumulatum,5
NBNORG0000084396,Stereocaulon dactylophyllum var. dactylophyllum,3
NBNORG0000015683,Stereocaulon dactylophyllum var. occidentale,3
NBNORG0000015684,Stereocaulon delisei,3
NBNORG0000015685,Stereocaulon evolutum,3
NBNORG0000015686,Stereocaulon glareosum,3
NBNORG0000015708,Stereocaulon leucophaeopsis,3
NBNORG0000015687,Stereocaulon nanodes,2
NBNORG0000015689,Stereocaulon pileatum,2
NBNORG0000005927,Stereocaulon plicatile,4
NBNORG0000015690,Stereocaulon saxatile,3
NBNORG0000015691,Stereocaulon spathuliferum,4
NBNORG0000015692,Stereocaulon symphycheilum,4
NBNORG0000015693,Stereocaulon tomentosum,5
NBNORG0000084399,Stereocaulon tornense,3
NBNORG0000015695,Stereocaulon vesuvianum var. nodulosum,1
NBNORG0000084400,Stereocaulon vesuvianum var. symphycheileoides,3
NBNORG0000084401,Stereocaulon vesuvianum var. vesuvianum,1
NBNORG0000015858,Sticta canariensis,2
NBNORG0000123250,Sticta fuliginosa s. lat.,1
NBNORG0000015860,Sticta limbata,1
NBNORG0000015861,Sticta sylvatica,1
NBNORG0000084431,Stigmidium aggregatum,5
NBNORG0000005937,Stigmidium arthoniae,3
NBNORG0000095923,Stigmidium clauzadei,4
NBNORG0000005938,Stigmidium congestum,3
NBNORG0000005939,Stigmidium degelii,2
NBNORG0000084432,Stigmidium ephebes,4
NBNORG0000005940,Stigmidium epiramalina,3
NBNORG0000108641,Stigmidium eucline,4
NBNORG0000005941,Stigmidium fuscatae,3
NBNORG0000084433,Stigmidium gyrophorarum,4
NBNORG0000005942,Stigmidium hageniae,3
NBNORG0000084434,Stigmidium lecidellae,3
NBNORG0000014338,Stigmidium marinum,3
NBNORG0000084435,Stigmidium microspilum,2
NBNORG0000005943,Stigmidium mitchellii,4
NBNORG0000005944,Stigmidium mycobilimbiae,5
NBNORG0000014339,Stigmidium peltideae,3
NBNORG0000084436,Stigmidium punctillum,4
NBNORG0000005946,Stigmidium rivulorum,4
NBNORG0000005947,Stigmidium solorinarium,3
NBNORG0000084437,Stigmidium superpositum,5
NBNORG0000005948,Stigmidium tabacinae,3
NBNORG0000005949,Stigmidium xanthoparmeliarum,4
NBNORG0000015697,Strangospora microhaema,3
NBNORG0000015698,Strangospora moriformis,3
NBNORG0000084460,Strangospora pinicola,3
NBNORG0000108642,Strigula calcarea,4
NBNORG0000016163,Strigula jamesii,3
NBNORG0000085971,Strigula muscicola,5
NBNORG0000084468,Strigula phaea,3
NBNORG0000084469,Strigula stigmatella var. alpestris,3
NBNORG0000084470,Strigula stigmatella var. stigmatella,4
NBNORG0000005970,Strigula tagananae,4
NBNORG0000016165,Strigula taylorii,3
NBNORG0000084471,Strigula thelopsidoides,4
NBNORG0000013772,Synarthonia astroidestera,3
NBNORG0000006019,Syncesia myrticola,3
NBNORG0000099077,Taeniolella cladinicola,4
NBNORG0000006036,Taeniolella delicata,4
NBNORG0000006038,Taeniolella phaeophysciae,1
NBNORG0000006041,Taeniolella punctata,4
NBNORG0000084550,Taeniolella rolfii,3
NBNORG0000006046,Taeniolina scripta,4
NBNORG0000129303,Talpapellis beschiana,4
NBNORG0000084597,Telogalla olivieri,3
NBNORG0000016544,Teloschistes chrysophthalmos,4
NBNORG0000016545,Teloschistes flavicans,1
NBNORG0000075857,Tephromela atra var. atra,1
NBNORG0000084615,Tephromela atra var. torulosa,2
NBNORG0000084616,Tephromela grumosa,2
NBNORG0000084617,Tephromela pertusarioides,4
NBNORG0000015280,Tetramelas insignis,4
NBNORG0000076994,Tetramelas papillatus,4
NBNORG0000015282,Tetramelas pulverulentus,4
NBNORG0000084772,Thalloidima diffractum,5
NBNORG0000024822,Thalloidima opuntioides,5
NBNORG0000024821,Thalloidima physaroides,5
NBNORG0000024823,Thalloidima rosulatum,5
NBNORG0000027108,Thalloidima sedifolium,1
NBNORG0000016142,Thamnogalla crombiei,4
NBNORG0000084660,Thelenella larbalestieri,4
NBNORG0000015898,Thelenella modesta,5
NBNORG0000084662,Thelenella muscorum var. octospora,3
NBNORG0000016584,Thelidium decipiens,3
NBNORG0000084681,Thelidium fontigenum,4
NBNORG0000006096,Thelidium methorium,5
NBNORG0000084684,Thelidium minutulum,3
NBNORG0000084686,Thelidium pluvium,3
NBNORG0000052386,Thelidium zwackhii,3
NBNORG0000099090,Thelocarpon coccosporum,4
NBNORG0000084689,Thelocarpon epibolum var. epibolum,3
NBNORG0000015701,Thelocarpon epibolum var. epithallinum,3
NBNORG0000084690,Thelocarpon impressellum,3
NBNORG0000015702,Thelocarpon intermediellum,3
NBNORG0000015703,Thelocarpon laureri,3
NBNORG0000015704,Thelocarpon lichenicola,3
NBNORG0000084691,Thelocarpon magnussonii,4
NBNORG0000015705,Thelocarpon olivaceum,4
NBNORG0000006097,Thelocarpon opertum,4
NBNORG0000084692,Thelocarpon pallidum,3
NBNORG0000084693,Thelocarpon robustum,4
NBNORG0000084694,Thelocarpon saxicola,4
NBNORG0000006098,Thelocarpon sphaerosporum,4
NBNORG0000006099,Thelocarpon strasseri,3
NBNORG0000015706,Thelocarpon superellum,4
NBNORG0000006100,Thelopsis isiaca,4
NBNORG0000014477,Thelopsis rubella,2
NBNORG0000014478,Thelotrema lepadinum,1
NBNORG0000006101,Thelotrema macrosporum,3
NBNORG0000015707,Thermutis velutina,3
NBNORG0000016590,Thrombium epigaeum,3
NBNORG0000083432,Toensbergia leucococca,4
NBNORG0000014345,Tomasellia diffusa,3
NBNORG0000014346,Tomasellia gelatinosa,2
NBNORG0000015256,Toninia plumbina,3
NBNORG0000015710,Toninia squalida,4
NBNORG0000084775,Toninia subfuscae,4
NBNORG0000084776,Toninia thiopsora,2
NBNORG0000108645,Toninia verrucariae,4
NBNORG0000076713,Toniniopsis bagliettoana,2
NBNORG0000084771,Toniniopsis coelestina,5
NBNORG0000015709,Toniniopsis mesoidea,3
NBNORG0000015259,Toniniopsis separabilis,4
NBNORG0000006150,Toniniopsis verrucarioides,3
NBNORG0000083563,Topeliopsis azorica,4
NBNORG0000015712,Tornabea scutellifera,1
NBNORG0000084810,Trapelia corticola,2
NBNORG0000091108,Trapelia glebulosa s. lat.,2
NBNORG0000125451,Trapelia glebulosa s. str.,3
NBNORG0000084811,Trapelia obtegens,2
NBNORG0000084812,Trapelia placodioides,2
NBNORG0000015713,Trapeliopsis aeneofusca,5
NBNORG0000084814,Trapeliopsis flexuosa,2
NBNORG0000084815,Trapeliopsis gelatinosa,2
NBNORG0000015714,Trapeliopsis glaucolepidea,2
NBNORG0000015715,Trapeliopsis granulosa,2
NBNORG0000015716,Trapeliopsis percrenata,2
NBNORG0000084816,Trapeliopsis pseudogranulosa,1
NBNORG0000015717,Trapeliopsis viridescens,4
NBNORG0000015718,Trapeliopsis wallrothii,2
NBNORG0000080626,Traponora varians,4
NBNORG0000084835,Tremella caloplacae,3
NBNORG0000108646,Tremella candelariellae,3
NBNORG0000006186,Tremella cetrariicola,2
NBNORG0000084838,Tremella cladoniae,3
NBNORG0000006187,Tremella coppinsii,2
NBNORG0000006188,Tremella hypogymniae,2
NBNORG0000006191,Tremella lichenicola,2
NBNORG0000006192,Tremella lobariacearum,2
NBNORG0000006193,Tremella normandinae,3
NBNORG0000006195,Tremella pertusariae,3
NBNORG0000006196,Tremella phaeographidis,3
NBNORG0000006197,Tremella phaeophysciae,2
NBNORG0000006198,Tremella protoparmeliae,3
NBNORG0000108647,Tremella ramalinae,3
NBNORG0000095924,Tremella tuckerae,3
NBNORG0000015719,Tremolecia atrata,2
NBNORG0000006218,Trichoconis lichenicola,4
NBNORG0000084989,Trichonectria hirta,4
NBNORG0000006273,Trichothecium roseum,3
NBNORG0000016591,Trimmatothele perquisita,5
NBNORG0000075966,Trimmatothelopsis benedarensis,4
NBNORG0000024713,Trimmatothelopsis rhizobola,3
NBNORG0000024728,Tylophoron hibernicum,3
NBNORG0000015720,Tylothallia biformigera,3
NBNORG0000015724,Umbilicaria deusta,1
NBNORG0000015725,Umbilicaria grisea,3
NBNORG0000015726,Umbilicaria hirsuta,3
NBNORG0000015727,Umbilicaria hyperborea,2
NBNORG0000015728,Umbilicaria nylanderiana,4
NBNORG0000015729,Umbilicaria polyphylla,1
NBNORG0000015730,Umbilicaria polyrrhiza,1
NBNORG0000085106,Umbilicaria proboscidea,1
NBNORG0000015732,Umbilicaria torrefacta,1
NBNORG0000085115,Unguiculariopsis lesdainii,3
NBNORG0000015812,Unguiculariopsis lettaui,2
NBNORG0000085116,Unguiculariopsis manriquei,3
NBNORG0000006403,Unguiculariopsis refractiva,4
NBNORG0000006404,Unguiculariopsis thallophila,2
NBNORG0000015733,Usnea articulata,1
NBNORG0000085207,Usnea cornuta s. lat. sensu auct. brit.,2
NBNORG0000085208,Usnea esperantiana,3
NBNORG0000015738,Usnea flammea,2
NBNORG0000085209,Usnea flavocardia,3
NBNORG0000118322,Usnea florida,2
NBNORG0000015740,Usnea fragilescens,5
NBNORG0000015740,Usnea fragilescens,2
NBNORG0000085213,Usnea fulvoreagens,4
NBNORG0000015741,Usnea glabrata,4
NBNORG0000015742,Usnea glabrescens,4
NBNORG0000015744,Usnea rubicunda,2
NBNORG0000085218,Usnea silesiaca,4
NBNORG0000015745,Usnea subfloridana,1
NBNORG0000085219,Usnea wasmuthii,2
NBNORG0000079309,Vahliella atlantica,3
NBNORG0000002207,Vahliella leucophaea,2
NBNORG0000016592,Verrucaria aethiobola,4
NBNORG0000099177,Verrucaria anziana,4
NBNORG0000016595,Verrucaria aquatilis,2
NBNORG0000085283,Verrucaria aranensis,5
NBNORG0000024825,Verrucaria bryoctona,3
NBNORG0000085285,Verrucaria bulgarica,4
NBNORG0000016596,Verrucaria caerulea,2
NBNORG0000108651,Verrucaria cernaensis,3
NBNORG0000085286,Verrucaria ceuthocarpa,5
NBNORG0000016599,Verrucaria conturmatula,3
NBNORG0000085287,Verrucaria degelii,5
NBNORG0000016601,Verrucaria ditmarsica,3
NBNORG0000016618,Verrucaria dolosa,3
NBNORG0000085288,Verrucaria elaeina,2
NBNORG0000016604,Verrucaria funckii,3
NBNORG0000016605,Verrucaria fusconigrescens,2
NBNORG0000016607,Verrucaria halizoa,3
NBNORG0000016608,Verrucaria hochstetteri,2
NBNORG0000108652,Verrucaria hydrophila,3
NBNORG0000016610,Verrucaria internigrescens,3
NBNORG0000085294,Verrucaria knowlesiae,5
NBNORG0000006441,Verrucaria macrostoma f. furfuracea,2
NBNORG0000118327,Verrucaria macrostoma forma macrostoma,2
NBNORG0000085298,Verrucaria madida,4
NBNORG0000016612,Verrucaria margacea,3
NBNORG0000016616,Verrucaria muralis,2
NBNORG0000099179,Verrucaria nigrescens f. nigrescens,1
NBNORG0000099180,Verrucaria nigrescens f. tectorum,2
NBNORG0000108653,Verrucaria nodosa,5
NBNORG0000006442,Verrucaria pachyderma,3
NBNORG0000085301,Verrucaria phaeosperma,4
NBNORG0000016621,Verrucaria praetermissa,2
NBNORG0000016622,Verrucaria prominula,3
NBNORG0000016623,Verrucaria sandstedei,3
NBNORG0000085304,Verrucaria simplex,3
NBNORG0000108655,Verrucaria sphaerospora,4
NBNORG0000108656,Verrucaria squamulosa,4
NBNORG0000099181,Verrucaria sublobulata,5
NBNORG0000016625,Verrucaria viridula,2
NBNORG0000016614,Verrucaria xyloxena,4
NBNORG0000095926,Verrucocladosporium dirinae,4
NBNORG0000085296,Verrucula latericola,5
NBNORG0000099183,Verrucula maritimaria,5
NBNORG0000099185,Verruculopsis flavescentaria,5
NBNORG0000024827,Vestergrenopsis elaeina,3
NBNORG0000024828,Vezdaea acicularis,3
NBNORG0000085313,Vezdaea aestivalis,3
NBNORG0000085314,Vezdaea cobria,3
NBNORG0000085315,Vezdaea leprosa,3
NBNORG0000085316,Vezdaea retigera,3
NBNORG0000085317,Vezdaea rheocarpa,3
NBNORG0000085318,Vezdaea stipitata,4
NBNORG0000015586,Violella fucata,2
NBNORG0000006493,Vouauxiella lichenicola,3
NBNORG0000006494,Vouauxiella verrucosa,3
NBNORG0000085354,Vouauxiomyces santessonii,4
NBNORG0000085355,Vouauxiomyces truncatus,4
NBNORG0000006499,Vulpicida juniperinus,5
NBNORG0000006500,Vulpicida pinastri,1
NBNORG0000015746,Wadeana dendrographa,3
NBNORG0000015747,Wadeana minuta,3
NBNORG0000006515,Weddellomyces epicallopisma,3
NBNORG0000006516,Weddellomyces macrosporus,4
NBNORG0000085367,Weddellomyces periphericus,4
NBNORG0000085369,Wentiomyces lichenicola subsp. bouteillei,4
NBNORG0000085384,Xanthoparmelia conspersa,1
NBNORG0000015592,Xanthoparmelia delisei,4
NBNORG0000026965,Xanthoparmelia loxodes,2
NBNORG0000081897,Xanthoparmelia luteonotata,4
NBNORG0000085385,Xanthoparmelia mougeotii,2
NBNORG0000095927,Xanthoparmelia perrugata,4
NBNORG0000006525,Xanthoparmelia protomatrae,4
NBNORG0000026966,Xanthoparmelia pulla,4
NBNORG0000085386,Xanthoparmelia tinctina,4
NBNORG0000015602,Xanthoparmelia verruculifera,2
NBNORG0000024829,Xanthoria aureola,2
NBNORG0000085388,Xanthoria calcicola,1
NBNORG0000085390,Xanthoria elegans,1
NBNORG0000085391,Xanthoria fulva,5
NBNORG0000016548,Xanthoria polycarpa,1
NBNORG0000016547,Xanthoria ulophyllodes,2
NBNORG0000006528,Xanthoriicola physciae,1
NBNORG0000004835,Xenonectriella fissuriprodiens,2
NBNORG0000133773,Xenonectriella leptaleae,4
NBNORG0000108658,Xenonectriella lutescens,4
NBNORG0000015819,Xerotrema megalospora,3
NBNORG0000015748,Xylographa trunciseda,3
NBNORG0000085434,Xylographa vitiligo,2
NBNORG0000015406,Xylopsora caradocensis,3
NBNORG0000015407,Xylopsora friesii,3
NBNORG0000006554,Zevadia peroccidentalis,4
NBNORG0000084110,Zhurbenkoa epicladonia,5
NBNORG0000015774,Zwackhia prosodea,3
NBNORG0000082061,Zwackhia sorediifera,2
NBNORG0000006572,Zwackhiomyces berengerianus,4
NBNORG0000085462,Zwackhiomyces coepulonus,4
NBNORG0000085463,Zwackhiomyces dispersus,4
NBNORG0000006573,Zwackhiomyces immersae,4
NBNORG0000085464,Zwackhiomyces lacustris,4
NBNORG0000085465,Zwackhiomyces lecanorae,4
NBNORG0000108659,Zwackhiomyces physciicola,3
NBNORG0000014048,Zwackhiomyces sphinctrinoides,4
NBNORG0000006027,Zyzygomyces bachmannii,2
NBNORG0000006030,Zyzygomyces physciacearum,1
