tvk,start_day,start_month,start_year,end_day,end_month,end_year,taxon,rtvk,organism_key
NBNSYS0000010015,1,1,1800,,,,Cymus aurescens,NBNSYS0000010015,NBNORG0000011305
NBNSYS0000010045,1,1,1800,,,,Physatocheila smreczynskii,NBNSYS0000010045,NBNORG0000011307
NHMSYS0020109255,1,1,1800,,,,Coreus marginatus,NHMSYS0020109255,NBNORG0000091557
NHMSYS0020109256,1,1,1800,,,,Empicoris vagabundus,NHMSYS0020109256,NBNORG0000091558
NHMSYS0020109258,1,1,1807,,,,Harpocera thoracica,NHMSYS0020109258,NBNORG0000091559
NHMSYS0020109260,1,1,1800,,,,Heterogaster urticae,NHMSYS0020109260,NBNORG0000091561
NHMSYS0020109262,1,1,1800,,,,Liocoris tripustulatus,NHMSYS0020109262,NBNORG0000091562
NHMSYS0020109263,1,1,1800,,,,Loricula pselaphiformis,NHMSYS0020109263,NBNORG0000091563
NHMSYS0020109266,1,1,1800,,,,Palomena prasina,NHMSYS0020109266,NBNORG0000091564
NHMSYS0020109267,1,1,1800,,,,Podops inuncta,NHMSYS0020109267,NBNORG0000091565
NHMSYS0020109271,1,1,1800,,,,Stenotus binotatus,NHMSYS0020109271,NBNORG0000091568
NHMSYS0020109277,1,1,1800,,,,Zicrona caerulea,NHMSYS0020109277,NBNORG0000091572
NHMSYS0020308879,1,1,1800,,,,Acalypta brunnea,NHMSYS0020308879,NBNORG0000094725
NHMSYS0020308880,1,1,1800,,,,Acalypta carinata,NHMSYS0020308880,NBNORG0000094726
NHMSYS0020308881,1,1,1800,,,,Acalypta nigrina,NHMSYS0020308881,NBNORG0000094727
NHMSYS0020308882,1,1,1800,,,,Acalypta parvula,NHMSYS0020308882,NBNORG0000094728
NHMSYS0020308883,1,1,1800,,,,Acalypta platycheila,NHMSYS0020308883,NBNORG0000094729
NHMSYS0020308885,1,1,1800,,,,Acanthosoma haemorrhoidale,NHMSYS0020308885,NBNORG0000094731
NHMSYS0020308889,1,1,1860,,,,Acetropis (Acetropis) gimmerthalii,NHMSYS0020308889,NBNORG0000094735
NHMSYS0020308891,1,1,1800,,,,Acompocoris alpinus,NHMSYS0020308891,NBNORG0000094737
NHMSYS0020308892,1,1,1800,,,,Acompocoris pygmaeus,NHMSYS0020308892,NBNORG0000094738
NHMSYS0020308894,1,1,1800,,,,Acompus pallipes,NHMSYS0020308894,NBNORG0000094740
NHMSYS0020308895,1,1,1800,,,,Acompus rufipes,NHMSYS0020308895,NBNORG0000094741
NHMSYS0020308897,1,1,1800,,,,Adelphocoris lineolatus,NHMSYS0020308897,NBNORG0000094743
NHMSYS0020308898,1,1,1800,,,,Adelphocoris seticornis,NHMSYS0020308898,NBNORG0000094744
NHMSYS0020308899,1,1,1840,,,,Adelphocoris ticinensis,NHMSYS0020308899,NBNORG0000094745
NHMSYS0020308901,1,1,1800,,,,Adomerus biguttatus,NHMSYS0020308901,NBNORG0000094747
NHMSYS0020308903,1,1,1800,,,,Aelia acuminata,NHMSYS0020308903,NBNORG0000094749
NHMSYS0020308909,1,1,1950,,,,Agnocoris reclairei,NHMSYS0020308909,NBNORG0000094755
NHMSYS0020308912,1,1,1800,,,,Agramma (Agramma) laetum,NHMSYS0020308912,NBNORG0000094758
NHMSYS0020308914,1,1,1951,,,,Alloeotomus gothicus,NHMSYS0020308914,NBNORG0000094760
NHMSYS0020308916,1,1,1800,,,,Alydus calcaratus,NHMSYS0020308916,NBNORG0000094762
NHMSYS0020308918,1,1,1858,,,,Amblytylus brevicollis,NHMSYS0020308918,NBNORG0000094764
NHMSYS0020308919,1,1,1857,,,,Amblytylus delicatus,NHMSYS0020308919,NBNORG0000094765
NHMSYS0020308920,1,1,1856,,,,Amblytylus nasutus,NHMSYS0020308920,NBNORG0000094766
NHMSYS0020308924,1,1,1800,,,,Aneurus (Aneurodes) avenius,NHMSYS0020308924,NBNORG0000094770
NHMSYS0020308926,1,1,1800,,,,Aneurus (Aneurus) laevis,NHMSYS0020308926,NBNORG0000094772
NHMSYS0020308931,1,1,1800,,,,Anthocoris amplicollis,NHMSYS0020308931,NBNORG0000094777
NHMSYS0020308932,1,1,1800,,,,Anthocoris butleri,NHMSYS0020308932,NBNORG0000094778
NHMSYS0020308933,1,1,1800,,,,Anthocoris confusus,NHMSYS0020308933,NBNORG0000094779
NHMSYS0020308934,1,1,1800,,,,Anthocoris gallarum-ulmi,NHMSYS0020308934,NBNORG0000094780
NHMSYS0020308935,1,1,1800,,,,Anthocoris limbatus,NHMSYS0020308935,NBNORG0000094781
NHMSYS0020308936,1,1,1983,,,,Anthocoris minki subsp. minki,NHMSYS0020308936,NBNORG0000094782
NHMSYS0020308937,1,1,1800,,,,Anthocoris nemoralis,NHMSYS0020308937,NBNORG0000094783
NHMSYS0020308938,1,1,1800,,,,Anthocoris nemorum,NHMSYS0020308938,NBNORG0000094784
NHMSYS0020308939,1,1,1936,,,,Anthocoris pilosus,NHMSYS0020308939,NBNORG0000094785
NHMSYS0020308940,1,1,1800,,,,Anthocoris sarothamni,NHMSYS0020308940,NBNORG0000094786
NHMSYS0020308941,1,1,1954,,,,Anthocoris simulans,NHMSYS0020308941,NBNORG0000094787
NHMSYS0020308942,1,1,1800,,,,Anthocoris visci,NHMSYS0020308942,NBNORG0000094788
NHMSYS0020308945,1,1,1800,,,,Aphanus rolandri,NHMSYS0020308945,NBNORG0000094791
NHMSYS0020308954,1,1,1800,,,,Aradus aterrimus,NHMSYS0020308954,NBNORG0000094799
NHMSYS0020308955,1,1,1800,,,,Aradus betulae,NHMSYS0020308955,NBNORG0000094800
NHMSYS0020308956,1,1,1800,,,,Aradus cinnamomeus,NHMSYS0020308956,NBNORG0000094801
NHMSYS0020308957,1,1,1800,,,,Aradus corticalis,NHMSYS0020308957,NBNORG0000094802
NHMSYS0020308958,1,1,1800,,,,Aradus depressus,NHMSYS0020308958,NBNORG0000094803
NHMSYS0020308961,1,1,1800,,,,Arenocoris falleni,NHMSYS0020308961,NBNORG0000094806
NHMSYS0020308962,1,1,1800,,,,Arenocoris waltlii,NHMSYS0020308962,NBNORG0000094807
NHMSYS0020308968,1,1,1864,,,,Asciodema obsoleta,NHMSYS0020308968,NBNORG0000094813
NHMSYS0020308971,1,1,1807,,,,Atractotomus magnicornis,NHMSYS0020308971,NBNORG0000094816
NHMSYS0020308972,1,1,1843,,,,Atractotomus mali,NHMSYS0020308972,NBNORG0000094817
NHMSYS0020308973,1,1,1878,,,,Atractotomus parvulus,NHMSYS0020308973,NBNORG0000094818
NHMSYS0020308975,1,1,1800,,,,Bathysolen nubilus,NHMSYS0020308975,NBNORG0000094820
NHMSYS0020308977,1,1,1800,,,,Beosus maritimus,NHMSYS0020308977,NBNORG0000094822
NHMSYS0020308984,1,1,1800,,,,Berytinus (Berytinus) clavipes,NHMSYS0020308984,NBNORG0000094829
NHMSYS0020308985,1,1,1800,,,,Berytinus (Berytinus) crassipes,NHMSYS0020308985,NBNORG0000094830
NHMSYS0020308986,1,1,1800,,,,Berytinus (Berytinus) hirticornis,NHMSYS0020308986,NBNORG0000094831
NHMSYS0020308987,1,1,1800,,,,Berytinus (Berytinus) minor,NHMSYS0020308987,NBNORG0000094832
NHMSYS0020308988,1,1,1800,,,,Berytinus (Berytinus) montivagus,NHMSYS0020308988,NBNORG0000094833
NHMSYS0020308989,1,1,1800,,,,Berytinus (Berytinus) signoreti,NHMSYS0020308989,NBNORG0000094834
NHMSYS0020308991,1,1,1829,,,,Blepharidopterus angulatus,NHMSYS0020308991,NBNORG0000094836
NHMSYS0020308992,1,1,1856,,,,Blepharidopterus diaphanus,NHMSYS0020308992,NBNORG0000094837
NHMSYS0020308997,1,1,1852,,,,Bothynotus pilosus,NHMSYS0020308997,NBNORG0000094842
NHMSYS0020308999,1,1,1858,,,,Brachyarthrum limitatum,NHMSYS0020308999,NBNORG0000094844
NHMSYS0020309001,1,1,2003,,,,Brachycarenus tigrinus,NHMSYS0020309001,NBNORG0000094846
NHMSYS0020309003,1,1,2002,,,,Brachynotocoris puncticornis,NHMSYS0020309003,NBNORG0000094848
NHMSYS0020309005,1,1,1800,,,,Brachysteles parvicornis,NHMSYS0020309005,NBNORG0000094850
NHMSYS0020309009,1,1,1807,,,,Bryocoris pteridis,NHMSYS0020309009,NBNORG0000094854
NHMSYS0020309011,1,1,1999,,,,Buchananiella continua,NHMSYS0020309011,NBNORG0000094856
NHMSYS0020309017,1,1,1843,,,,Calocoris (Calocoris) alpestris,NHMSYS0020309017,NBNORG0000094862
NHMSYS0020309018,1,1,1800,,,,Calocoris (Calocoris) roseomaculatus,NHMSYS0020309018,NBNORG0000094863
NHMSYS0020309020,1,1,1800,,,,Closterotomus fulvomaculatus,NHMSYS0020976956,NBNORG0000094865
NHMSYS0020309023,1,1,1800,,,,Grypocoris (Lophyromiris) stysi,NHMSYS0020977054,NBNORG0000094868
NHMSYS0020309027,1,1,1865,,,,Camptozygum aequale,NHMSYS0020309027,NBNORG0000094871
NHMSYS0020309029,1,1,1978,,,,Campylomma annulicorne,NHMSYS0020309029,NBNORG0000094873
NHMSYS0020309030,1,1,1843,,,,Campylomma verbasci,NHMSYS0020309030,NBNORG0000094874
NHMSYS0020309032,1,1,1836,,,,Campyloneura virgula,NHMSYS0020309032,NBNORG0000094876
NHMSYS0020309034,1,1,1800,,,,Campylosteira verna,NHMSYS0020309034,NBNORG0000094878
NHMSYS0020309036,1,1,1800,,,,Canthophorus impressus,NHMSYS0020309036,NBNORG0000094880
NHMSYS0020309038,1,1,1800,,,,Capsodes flavomarginatus,NHMSYS0020309038,NBNORG0000094882
NHMSYS0020309039,1,1,1800,,,,Capsodes gothicus,NHMSYS0020309039,NBNORG0000094883
NHMSYS0020309040,1,1,1861,,,,Capsodes sulcatus,NHMSYS0020309040,NBNORG0000094884
NHMSYS0020309042,1,1,1800,,,,Capsus ater,NHMSYS0020309042,NBNORG0000094886
NHMSYS0020309043,1,1,1954,,,,Capsus wagneri,NHMSYS0020309043,NBNORG0000094887
NHMSYS0020309045,1,1,1800,,,,Cardiastethus fasciiventris,NHMSYS0020309045,NBNORG0000094889
NHMSYS0020309048,1,1,1995,,,,Carpocoris purpureipennis,NHMSYS0020309048,NBNORG0000094892
NHMSYS0020309050,1,1,1800,,,,Catoplatus fabricii,NHMSYS0020309050,NBNORG0000094894
NHMSYS0020309052,1,1,1800,,,,Ceraleptus lividus,NHMSYS0020309052,NBNORG0000094896
NHMSYS0020309058,1,1,1800,,,,Ceratocombus (Ceratocombus) coleoptratus,NHMSYS0020309058,NBNORG0000094902
NHMSYS0020309061,1,1,1807,,,,Charagochilus (Charagochilus) gyllenhalii,NHMSYS0020309061,NBNORG0000094905
NHMSYS0020309062,1,1,1959,,,,Charagochilus (Charagochilus) weberi,NHMSYS0020309062,NBNORG0000094906
NHMSYS0020309068,1,1,1800,,,,Chilacis typhae,NHMSYS0020309068,NBNORG0000094912
NHMSYS0020309074,1,1,1807,,,,Chlamydatus (Chlamydatus) saltitans,NHMSYS0020309074,NBNORG0000094918
NHMSYS0020309076,1,1,1913,,,,Chlamydatus (Euattus) pulicarius,NHMSYS0020309076,NBNORG0000094920
NHMSYS0020309077,1,1,1870,,,,Chlamydatus (Euattus) pullus,NHMSYS0020309077,NBNORG0000094921
NHMSYS0020309079,1,1,1852,,,,Chlamydatus (Eurymerocoris) evanescens,NHMSYS0020309079,NBNORG0000094923
NHMSYS0020309080,1,1,1866,,,,Chlamydatus (Eurymerocoris) wilkinsoni,NHMSYS0020309080,NBNORG0000094924
NHMSYS0020309082,1,1,1800,,,,Chorosoma schillingi,NHMSYS0020309082,NBNORG0000094926
NHMSYS0020309085,1,1,1800,,,,Cimex lectularius,NHMSYS0020309085,NBNORG0000094929
NHMSYS0020309086,1,1,1800,,,,Cimex pipistrelli,NHMSYS0020309086,NBNORG0000094930
NHMSYS0020309093,1,1,1841,,,,Compsidolon (Coniortodes) salicellum,NHMSYS0020309093,NBNORG0000094937
NHMSYS0020309095,1,1,1877,,,,Conostethus brevis,NHMSYS0020309095,NBNORG0000094939
NHMSYS0020309096,1,1,1870,,,,Conostethus griseus,NHMSYS0020309096,NBNORG0000094940
NHMSYS0020309097,1,1,1829,,,,Conostethus roseus,NHMSYS0020309097,NBNORG0000094941
NHMSYS0020309101,1,1,1800,,,,Coranus (Coranus) subapterus,NHMSYS0020309101,NBNORG0000094945
NHMSYS0020309102,1,1,1800,,,,Coranus (Coranus) woodroffei,NHMSYS0020309102,NBNORG0000094946
NHMSYS0020309108,1,1,1800,,,,Coriomeris denticulatus,NHMSYS0020309108,NBNORG0000094952
NHMSYS0020309113,1,1,1800,,,,Corizus hyoscyami,NHMSYS0020309113,NBNORG0000094957
NHMSYS0020309124,1,1,1800,,,,Cyllecoris histrionius,NHMSYS0020309124,NBNORG0000094968
NHMSYS0020309130,1,1,1800,,,,Cymus claviculus,NHMSYS0020309130,NBNORG0000094974
NHMSYS0020309131,1,1,1800,,,,Cymus glandicolor,NHMSYS0020309131,NBNORG0000094975
NHMSYS0020309132,1,1,1800,,,,Cymus melanocephalus,NHMSYS0020309132,NBNORG0000094976
NHMSYS0020309134,1,1,1800,,,,Cyphostethus tristriatus,NHMSYS0020309134,NBNORG0000094978
NHMSYS0020309136,1,1,1807,,,,Cyrtorhinus caricis,NHMSYS0020309136,NBNORG0000094980
NHMSYS0020309142,1,1,2000,,,,Deraeocoris (Deraeocoris) flavilinea,NHMSYS0020309142,NBNORG0000094986
NHMSYS0020309143,1,1,1800,,,,Deraeocoris (Deraeocoris) olivaceus,NHMSYS0020309143,NBNORG0000094987
NHMSYS0020309144,1,1,1800,,,,Deraeocoris (Deraeocoris) ruber,NHMSYS0020309144,NBNORG0000094988
NHMSYS0020309145,1,1,1800,,,,Deraeocoris (Deraeocoris) scutellaris,NHMSYS0020309145,NBNORG0000094989
NHMSYS0020309147,1,1,1837,,,,Deraeocoris (Knightocapsus) lutescens,NHMSYS0020309147,NBNORG0000094991
NHMSYS0020309149,1,1,1800,,,,Derephysia (Derephysia) foliacea,NHMSYS0020309149,NBNORG0000094993
NHMSYS0020309152,1,1,1981,,,,Dichrooscytus gustavi,NHMSYS0020309152,NBNORG0000094996
NHMSYS0020309153,1,1,1829,,,,Dichrooscytus rufipennis,NHMSYS0020309153,NBNORG0000094997
NHMSYS0020309155,1,1,1800,,,,Dicranocephalus agilis,NHMSYS0020309155,NBNORG0000094999
NHMSYS0020309156,1,1,1800,,,,Dicranocephalus medius,NHMSYS0020309156,NBNORG0000095000
NHMSYS0020309158,1,1,1800,,,,Dictyla convergens,NHMSYS0020309158,NBNORG0000095002
NHMSYS0020309160,1,1,1800,,,,Dictyonota fuliginosa,NHMSYS0020309160,NBNORG0000095004
NHMSYS0020309161,1,1,1800,,,,Dictyonota strichnocera,NHMSYS0020309161,NBNORG0000095005
NHMSYS0020309165,1,1,1802,,,,Dicyphus (Brachyceroea) annulatus,NHMSYS0020309165,NBNORG0000095009
NHMSYS0020309166,1,1,1829,,,,Dicyphus (Brachyceroea) globulifer,NHMSYS0020309166,NBNORG0000095010
NHMSYS0020309168,1,1,1852,,,,Dicyphus (Dicyphus) constrictus,NHMSYS0020309168,NBNORG0000095012
NHMSYS0020309169,1,1,1883,,,,Dicyphus (Dicyphus) epilobii,NHMSYS0020309169,NBNORG0000095013
NHMSYS0020309170,1,1,1802,,,,Dicyphus (Dicyphus) errans,NHMSYS0020309170,NBNORG0000095014
NHMSYS0020309171,1,1,1878,,,,Dicyphus (Dicyphus) stachydis,NHMSYS0020309171,NBNORG0000095015
NHMSYS0020309173,1,1,1861,,,,Dicyphus (Idolocoris) pallicornis,NHMSYS0020309173,NBNORG0000095017
NHMSYS0020309177,1,1,1800,,,,Dolycoris baccarum,NHMSYS0020309177,NBNORG0000095021
NHMSYS0020309181,1,1,1800,,,,Drymus (Drymus) latus,NHMSYS0020309181,NBNORG0000095025
NHMSYS0020309182,1,1,1800,,,,Drymus (Drymus) pilicornis,NHMSYS0020309182,NBNORG0000095026
NHMSYS0020309183,1,1,1800,,,,Drymus (Drymus) pilipes,NHMSYS0020309183,NBNORG0000095027
NHMSYS0020309185,1,1,1800,,,,Drymus (Sylvadrymus) brunneus,NHMSYS0020309185,NBNORG0000095029
NHMSYS0020309186,1,1,1800,,,,Drymus (Sylvadrymus) pumilio,NHMSYS0020309186,NBNORG0000095030
NHMSYS0020309187,1,1,1800,,,,Drymus (Sylvadrymus) ryei,NHMSYS0020309187,NBNORG0000095031
NHMSYS0020309188,1,1,1800,,,,Drymus (Sylvadrymus) sylvaticus,NHMSYS0020309188,NBNORG0000095032
NHMSYS0020309191,1,1,1800,,,,Dryophilocoris (Dryophilocoris) flavoquadrimaculatus,NHMSYS0020309191,NBNORG0000095035
NHMSYS0020309194,1,1,1800,,,,Dufouriellus ater,NHMSYS0020309194,NBNORG0000095038
NHMSYS0020309198,1,1,1800,,,,Elasmostethus interstinctus,NHMSYS0020309198,NBNORG0000095042
NHMSYS0020309200,1,1,1800,,,,Elasmucha grisea,NHMSYS0020309200,NBNORG0000095044
NHMSYS0020309203,1,1,1800,,,,Elatophilus (Elatophilus) nigricornis,NHMSYS0020309203,NBNORG0000095047
NHMSYS0020309205,1,1,1998,,,,Emblethis denticollis,NHMSYS0020309205,NBNORG0000095049
NHMSYS0020309206,1,1,1800,,,,Emblethis griseus,NHMSYS0020309206,NBNORG0000095050
NHMSYS0020309209,1,1,1800,,,,Empicoris baerensprungi,NHMSYS0020309209,NBNORG0000095053
NHMSYS0020309210,1,1,1800,,,,Empicoris culiciformis,NHMSYS0020309210,NBNORG0000095054
NHMSYS0020309212,1,1,1800,,,,Enoplops scapha,NHMSYS0020309212,NBNORG0000095056
NHMSYS0020309214,1,1,1800,,,,Eremocoris abietis,NHMSYS0020309214,NBNORG0000095058
NHMSYS0020309215,1,1,1800,,,,Eremocoris plebejus,NHMSYS0020309215,NBNORG0000095059
NHMSYS0020309216,1,1,1800,,,,Eremocoris podagricus,NHMSYS0020309216,NBNORG0000095060
NHMSYS0020309220,1,1,1864,,,,Europiella artemisiae,NHMSYS0020309220,NBNORG0000095064
NHMSYS0020309221,1,1,1893,,,,Europiella decolor,NHMSYS0020309221,NBNORG0000095065
NHMSYS0020309225,1,1,1800,,,,Eurydema (Eurydema) oleracea,NHMSYS0020309225,NBNORG0000095069
NHMSYS0020309226,1,1,1997,,,,Eurydema (Eurydema) ornata,NHMSYS0020309226,NBNORG0000095070
NHMSYS0020309228,1,1,1800,,,,Eurydema (Rubrodorsalium) dominulus,NHMSYS0020309228,NBNORG0000095072
NHMSYS0020309230,1,1,1800,,,,Eurygaster maura,NHMSYS0020309230,NBNORG0000095074
NHMSYS0020309231,1,1,1800,,,,Eurygaster testudinaria,NHMSYS0020309231,NBNORG0000095075
NHMSYS0020309234,1,1,1800,,,,Eysarcoris aeneus,NHMSYS0020309234,NBNORG0000095078
NHMSYS0020309235,1,1,1800,,,,Eysarcoris venustissimus,NHMSYS0020309235,NBNORG0000095079
NHMSYS0020309237,1,1,1870,,,,Fieberocapsus flaveolus,NHMSYS0020309237,NBNORG0000095081
NHMSYS0020309240,1,1,1800,,,,Gampsocoris punctipes,NHMSYS0020309240,NBNORG0000095084
NHMSYS0020309243,1,1,1800,,,,Gastrodes abietum,NHMSYS0020309243,NBNORG0000095087
NHMSYS0020309244,1,1,1800,,,,Gastrodes grossipes,NHMSYS0020309244,NBNORG0000095088
NHMSYS0020309247,1,1,1800,,,,Geotomus punctulatus,NHMSYS0020309247,NBNORG0000095091
NHMSYS0020309265,1,1,1800,,,,Globiceps (Kelidocoris) flavomaculatus,NHMSYS0020309265,NBNORG0000095109
NHMSYS0020309266,1,1,1877,,,,Globiceps (Kelidocoris) fulvicollis subsp. cruciatus,NHMSYS0020309266,NBNORG0000095110
NHMSYS0020309267,1,1,1902,,,,Globiceps (Kelidocoris) juniperi,NHMSYS0020309267,NBNORG0000095111
NHMSYS0020309271,1,1,1800,,,,Gonocerus acuteangulatus,NHMSYS0020309271,NBNORG0000095115
NHMSYS0020309273,1,1,1800,,,,Graptopeltus lynceus,NHMSYS0020309273,NBNORG0000095117
NHMSYS0020309276,1,1,1895,,,,Hallodapus montandoni,NHMSYS0020309276,NBNORG0000095120
NHMSYS0020309277,1,1,1835,,,,Hallodapus rufescens,NHMSYS0020309277,NBNORG0000095121
NHMSYS0020309282,1,1,1800,,,,Halticus apterus,NHMSYS0020309282,NBNORG0000095126
NHMSYS0020309283,1,1,1805,,,,Halticus luteicollis,NHMSYS0020309283,NBNORG0000095127
NHMSYS0020309284,1,1,1858,,,,Halticus macrocephalus,NHMSYS0020309284,NBNORG0000095128
NHMSYS0020309285,1,1,1907,,,,Halticus saltator,NHMSYS0020309285,NBNORG0000095129
NHMSYS0020309297,1,1,1800,,,,Henestaris halophilus,NHMSYS0020309297,NBNORG0000095141
NHMSYS0020309298,1,1,1800,,,,Henestaris laticeps,NHMSYS0020309298,NBNORG0000095142
NHMSYS0020309302,1,1,1800,,,,Heterocordylus (Heterocordylus) genistae,NHMSYS0020309302,NBNORG0000095146
NHMSYS0020309304,1,1,1831,,,,Heterocordylus (Heterocordylus) tibialis,NHMSYS0020309304,NBNORG0000095148
NHMSYS0020309306,1,1,1800,,,,Heterogaster artemisiae,NHMSYS0020309306,NBNORG0000095150
NHMSYS0020309310,1,1,1800,,,,Heterotoma planicornis,NHMSYS0020309310,NBNORG0000095154
NHMSYS0020309313,1,1,1842,,,,Himacerus (Anaptus) major,NHMSYS0020309313,NBNORG0000095157
NHMSYS0020309315,1,1,1834,,,,Himacerus (Aptus) mirmicoides,NHMSYS0020309315,NBNORG0000095159
NHMSYS0020309317,1,1,1800,,,,Himacerus (Himacerus) apterus,NHMSYS0020309317,NBNORG0000095161
NHMSYS0020309319,1,1,1870,,,,Himacerus (Stalia) boops,NHMSYS0020309319,NBNORG0000095163
NHMSYS0020309324,1,1,1813,,,,Hoplomachus thunbergii,NHMSYS0020309324,NBNORG0000095167
NHMSYS0020309331,1,1,2003,,,,Hypseloecus visci,NHMSYS0020309331,NBNORG0000095174
NHMSYS0020309334,1,1,1800,,,,Ischnocoris angustulus,NHMSYS0020309334,NBNORG0000095177
NHMSYS0020309336,1,1,1800,,,,Ischnodemus quadratus,NHMSYS0020309336,NBNORG0000095179
NHMSYS0020309337,1,1,1800,,,,Ischnodemus sabuleti,NHMSYS0020309337,NBNORG0000095180
NHMSYS0020309340,1,1,1800,,,,Kalama tricornis,NHMSYS0020309340,NBNORG0000095183
NHMSYS0020309343,1,1,1800,,,,Kleidocerys ericae,NHMSYS0020309343,NBNORG0000095186
NHMSYS0020309344,1,1,1800,,,,Kleidocerys resedae,NHMSYS0020309344,NBNORG0000095187
NHMSYS0020309346,1,1,1800,,,,Lamproplax picea,NHMSYS0020309346,NBNORG0000095189
NHMSYS0020309348,1,1,1800,,,,Lasiacantha capucina,NHMSYS0020309348,NBNORG0000095191
NHMSYS0020309350,1,1,1800,,,,Lasiosomus enervis,NHMSYS0020309350,NBNORG0000095193
NHMSYS0020309352,1,1,1800,,,,Legnotus limbosus,NHMSYS0020309352,NBNORG0000095195
NHMSYS0020309353,1,1,1800,,,,Legnotus picipes,NHMSYS0020309353,NBNORG0000095196
NHMSYS0020309360,1,1,1800,,,,Leptopterna dolabrata,NHMSYS0020309360,NBNORG0000095203
NHMSYS0020309361,1,1,1830,,,,Leptopterna ferrugata,NHMSYS0020309361,NBNORG0000095204
NHMSYS0020309367,1,1,1800,,,,Liorhyssus hyalinus,NHMSYS0020309367,NBNORG0000095210
NHMSYS0020309369,1,1,1807,,,,Lopus decolor,NHMSYS0020309369,NBNORG0000095212
NHMSYS0020309371,1,1,1800,,,,Loricula elegantula,NHMSYS0020309371,NBNORG0000095214
NHMSYS0020309372,1,1,1800,,,,Loricula ruficeps,NHMSYS0020309372,NBNORG0000095215
NHMSYS0020309377,1,1,1800,,,,Lyctocoris (Lyctocoris) campestris,NHMSYS0020309377,NBNORG0000095220
NHMSYS0020309384,1,1,1843,,,,Apolygus lucorum,NHMSYS0020976911,NBNORG0000095227
NHMSYS0020309385,1,1,1841,,,,Apolygus spinolae,NHMSYS0020976917,NBNORG0000095228
NHMSYS0020309387,1,1,1800,,,,Lygocoris (Lygocoris) pabulinus,NHMSYS0020309387,NBNORG0000095230
NHMSYS0020309388,1,1,1807,,,,Lygocoris (Lygocoris) rugicollis,NHMSYS0020309388,NBNORG0000095231
NHMSYS0020309390,1,1,1807,,,,Neolygus contaminatus,NHMSYS0020976989,NBNORG0000095233
NHMSYS0020309391,1,1,1951,,,,Neolygus populi,NHMSYS0020976995,NBNORG0000095234
NHMSYS0020309392,1,1,1807,,,,Neolygus viridis,NHMSYS0020977001,NBNORG0000095235
NHMSYS0020309395,1,1,1949,,,,Lygus maritimus,NHMSYS0020309395,NBNORG0000095238
NHMSYS0020309396,1,1,1800,,,,Lygus pratensis,NHMSYS0020309396,NBNORG0000095239
NHMSYS0020309397,1,1,1838,,,,Lygus punctatus,NHMSYS0020309397,NBNORG0000095240
NHMSYS0020309398,1,1,1911,,,,Lygus rugulipennis,NHMSYS0020309398,NBNORG0000095241
NHMSYS0020309399,1,1,1955,,,,Lygus wagneri,NHMSYS0020309399,NBNORG0000095242
NHMSYS0020309401,1,1,1800,,,,Macrodema micropterum,NHMSYS0020309401,NBNORG0000095244
NHMSYS0020309403,1,1,1839,,,,Macrolophus pygmaeus,NHMSYS0020309403,NBNORG0000095246
NHMSYS0020309404,1,1,1950,,,,Macrolophus rubi,NHMSYS0020309404,NBNORG0000095247
NHMSYS0020309406,1,1,1970,,,,Macroplax preyssleri,NHMSYS0020309406,NBNORG0000095249
NHMSYS0020309411,1,1,2005,,,,Macrotylus (Alloeonycha) horvathi,NHMSYS0020309411,NBNORG0000095254
NHMSYS0020309412,1,1,1829,,,,Macrotylus (Alloeonycha) paykulli,NHMSYS0020309412,NBNORG0000095255
NHMSYS0020309413,1,1,1843,,,,Macrotylus (Alloeonycha) solitarius,NHMSYS0020309413,NBNORG0000095256
NHMSYS0020309415,1,1,1800,,,,Malacocoris chlorizans,NHMSYS0020309415,NBNORG0000095258
NHMSYS0020309418,1,1,1852,,,,Mecomma (Globicellus) dispar,NHMSYS0020309418,NBNORG0000095261
NHMSYS0020309420,1,1,1829,,,,Mecomma (Mecomma) ambulans,NHMSYS0020309420,NBNORG0000095263
NHMSYS0020309422,1,1,1870,,,,Megacoelum beckeri,NHMSYS0020309422,NBNORG0000095265
NHMSYS0020309423,1,1,1837,,,,Megacoelum infusum,NHMSYS0020309423,NBNORG0000095266
NHMSYS0020309425,1,1,1800,,,,Megaloceroea recticornis,NHMSYS0020309425,NBNORG0000095268
NHMSYS0020309427,1,1,1829,,,,Megalocoleus molliculus,NHMSYS0020309427,NBNORG0000095270
NHMSYS0020309428,1,1,1807,,,,Megalocoleus tanaceti,NHMSYS0020309428,NBNORG0000095271
NHMSYS0020309431,1,1,1800,,,,Megalonotus antennatus,NHMSYS0020309431,NBNORG0000095274
NHMSYS0020309432,1,1,1800,,,,Megalonotus chiragra,NHMSYS0020309432,NBNORG0000095275
NHMSYS0020309433,1,1,1800,,,,Megalonotus dilatatus,NHMSYS0020309433,NBNORG0000095276
NHMSYS0020309434,1,1,1992,,,,Megalonotus emarginatus,NHMSYS0020309434,NBNORG0000095277
NHMSYS0020309435,1,1,1800,,,,Megalonotus praetextatus,NHMSYS0020309435,NBNORG0000095278
NHMSYS0020309436,1,1,1963,,,,Megalonotus sabulicola,NHMSYS0020309436,NBNORG0000095279
NHMSYS0020309446,1,1,1800,,,,Metatropis rufescens,NHMSYS0020309446,NBNORG0000095289
NHMSYS0020309448,1,1,1800,,,,Metopoplax ditomoides,NHMSYS0020309448,NBNORG0000095291
NHMSYS0020309470,1,1,1850,,,,Miridius quadrivirgatus,NHMSYS0020309470,NBNORG0000095313
NHMSYS0020309474,1,1,1800,,,,Miris striatus,NHMSYS0020309474,NBNORG0000095317
NHMSYS0020309478,1,1,1800,,,,Monalocoris (Monalocoris) filicis,NHMSYS0020309478,NBNORG0000095321
NHMSYS0020309480,1,1,1860,,,,Monosynamma bohemanni,NHMSYS0020309480,NBNORG0000095323
NHMSYS0020309481,1,1,1950,,,,Monosynamma maritimum,NHMSYS0020309481,NBNORG0000095324
NHMSYS0020309482,1,1,1950,,,,Monosynamma sabulicola,NHMSYS0020309482,NBNORG0000095325
NHMSYS0020309485,1,1,1848,,,,Myrmecoris gracilis,NHMSYS0020309485,NBNORG0000095328
NHMSYS0020309487,1,1,1800,,,,Myrmedobia coleoptrata,NHMSYS0020309487,NBNORG0000095330
NHMSYS0020309488,1,1,1800,,,,Myrmedobia distinguenda,NHMSYS0020309488,NBNORG0000095331
NHMSYS0020309489,1,1,1800,,,,Myrmedobia exilis,NHMSYS0020309489,NBNORG0000095332
NHMSYS0020309490,1,1,1800,,,,Myrmedobia inconspicua,NHMSYS0020309490,NBNORG0000095333
NHMSYS0020309492,1,1,1800,,,,Myrmus miriformis,NHMSYS0020309492,NBNORG0000095335
NHMSYS0020309497,1,1,1851,,,,Nabis (Dolichonabis) limbatus,NHMSYS0020309497,NBNORG0000095340
NHMSYS0020309499,1,1,1851,,,,Nabis (Limnonabis) lineatus,NHMSYS0020309499,NBNORG0000095342
NHMSYS0020309501,1,1,1847,,,,Nabis (Nabicula) flavomarginatus,NHMSYS0020309501,NBNORG0000095344
NHMSYS0020309503,1,1,1900,,,,Nabis (Nabis) brevis,NHMSYS0020309503,NBNORG0000095346
NHMSYS0020309504,1,1,1847,,,,Nabis (Nabis) ericetorum,NHMSYS0020309504,NBNORG0000095347
NHMSYS0020309505,1,1,1800,,,,Nabis (Nabis) ferus,NHMSYS0020309505,NBNORG0000095348
NHMSYS0020309506,1,1,1956,,,,Nabis (Nabis) pseudoferus,NHMSYS0020309506,NBNORG0000095349
NHMSYS0020309507,1,1,1800,,,,Nabis (Nabis) rugosus,NHMSYS0020309507,NBNORG0000095350
NHMSYS0020309510,1,1,1800,,,,Neides tipularius,NHMSYS0020309510,NBNORG0000095353
NHMSYS0020309512,1,1,1800,,,,Neottiglossa pusilla,NHMSYS0020309512,NBNORG0000095355
NHMSYS0020309518,1,1,2003,,,,Nezara viridula,NHMSYS0020309518,NBNORG0000095361
NHMSYS0020309520,1,1,1800,,,,Notochilus limbatus,NHMSYS0020309520,NBNORG0000095363
NHMSYS0020309530,1,1,1800,,,,Notostira elongata,NHMSYS0020309530,NBNORG0000095373
NHMSYS0020309531,1,1,1967,,,,Notostira erratica,NHMSYS0020309531,NBNORG0000095374
NHMSYS0020309534,1,1,2003,,,,Nysius cymoides,NHMSYS0020309534,NBNORG0000095377
NHMSYS0020309535,1,1,1800,,,,Nysius ericae,NHMSYS0020309535,NBNORG0000095378
NHMSYS0020309536,1,1,1984,,,,Nysius graminicola,NHMSYS0020309536,NBNORG0000095379
NHMSYS0020309537,1,1,1800,,,,Nysius helveticus,NHMSYS0020309537,NBNORG0000095380
NHMSYS0020309538,1,1,1992,,,,Nysius senecionis,NHMSYS0020309538,NBNORG0000095381
NHMSYS0020309539,1,1,1800,,,,Nysius thymi,NHMSYS0020309539,NBNORG0000095382
NHMSYS0020309545,1,1,1800,,,,Odontoscelis (Odontoscelis) fuliginosa,NHMSYS0020309545,NBNORG0000095388
NHMSYS0020309546,1,1,1800,,,,Odontoscelis (Odontoscelis) lineola,NHMSYS0020309546,NBNORG0000095389
NHMSYS0020309548,1,1,1800,,,,Oeciacus hirundinis,NHMSYS0020309548,NBNORG0000095391
NHMSYS0020309550,1,1,1800,,,,Oncocephalus pilicornis,NHMSYS0020309550,NBNORG0000095393
NHMSYS0020309552,1,1,1800,,,,Oncochila simplex,NHMSYS0020309552,NBNORG0000095395
NHMSYS0020309555,1,1,1800,,,,Oncotylus (Oncotylus) viridiflavus,NHMSYS0020309555,NBNORG0000095398
NHMSYS0020309559,1,1,1971,,,,Orius (Heterorius) laticollis,NHMSYS0020309559,NBNORG0000095402
NHMSYS0020309560,1,1,1800,,,,Orius (Heterorius) majusculus,NHMSYS0020309560,NBNORG0000095403
NHMSYS0020309561,1,1,1800,,,,Orius (Heterorius) vicinus,NHMSYS0020309561,NBNORG0000095404
NHMSYS0020309563,1,1,1800,,,,Orius (Orius) laevigatus,NHMSYS0020309563,NBNORG0000095406
NHMSYS0020309564,1,1,1800,,,,Orius (Orius) niger,NHMSYS0020309564,NBNORG0000095407
NHMSYS0020309568,1,1,1989,,,,Orsillus depressus,NHMSYS0020309568,NBNORG0000095411
NHMSYS0020309570,1,1,1800,,,,Orthocephalus coriaceus,NHMSYS0020309570,NBNORG0000095413
NHMSYS0020309571,1,1,1835,,,,Orthocephalus saltator,NHMSYS0020309571,NBNORG0000095414
NHMSYS0020309573,1,1,1937,,,,Ortholomus punctipennis,NHMSYS0020309573,NBNORG0000095416
NHMSYS0020309575,1,1,1807,,,,Orthonotus rufifrons,NHMSYS0020309575,NBNORG0000095418
NHMSYS0020309578,1,1,1973,,,,Orthops (Orthops) basalis,NHMSYS0020309578,NBNORG0000095421
NHMSYS0020309579,1,1,1800,,,,Orthops (Orthops) campestris,NHMSYS0020309579,NBNORG0000095422
NHMSYS0020309580,1,1,1800,,,,Orthops (Orthops) kalmii,NHMSYS0020309580,NBNORG0000095423
NHMSYS0020309585,1,1,1829,,,,Orthotylus (Litocoris) ericetorum,NHMSYS0020309585,NBNORG0000095428
NHMSYS0020309587,1,1,1848,,,,Orthotylus (Melanotrichus) flavosparsus,NHMSYS0020309587,NBNORG0000095430
NHMSYS0020309588,1,1,1874,,,,Orthotylus (Melanotrichus) moncreaffi,NHMSYS0020309588,NBNORG0000095431
NHMSYS0020309589,1,1,1874,,,,Orthotylus (Melanotrichus) rubidus,NHMSYS0020309589,NBNORG0000095432
NHMSYS0020309591,1,1,1856,,,,Orthotylus (Orthotylus) flavinervis,NHMSYS0020309591,NBNORG0000095434
NHMSYS0020309592,1,1,1883,,,,Orthotylus (Orthotylus) marginalis,NHMSYS0020309592,NBNORG0000095435
NHMSYS0020309593,1,1,1800,,,,Orthotylus (Orthotylus) nassatus,NHMSYS0020309593,NBNORG0000095436
NHMSYS0020309594,1,1,1864,,,,Orthotylus (Orthotylus) ochrotrichus,NHMSYS0020309594,NBNORG0000095437
NHMSYS0020309595,1,1,1861,,,,Orthotylus (Orthotylus) prasinus,NHMSYS0020309595,NBNORG0000095438
NHMSYS0020309596,1,1,1807,,,,Orthotylus (Orthotylus) tenellus,NHMSYS0020309596,NBNORG0000095439
NHMSYS0020309597,1,1,1807,,,,Orthotylus (Orthotylus) virens,NHMSYS0020309597,NBNORG0000095440
NHMSYS0020309598,1,1,1855,,,,Orthotylus (Orthotylus) viridinervis,NHMSYS0020309598,NBNORG0000095441
NHMSYS0020309600,1,1,1857,,,,Orthotylus (Pachylops) adenocarpi,NHMSYS0020309600,NBNORG0000095443
NHMSYS0020309601,1,1,1856,,,,Orthotylus (Pachylops) concolor,NHMSYS0020309601,NBNORG0000095444
NHMSYS0020309602,1,1,1865,,,,Orthotylus (Pachylops) virescens,NHMSYS0020309602,NBNORG0000095445
NHMSYS0020309604,1,1,1856,,,,Orthotylus (Pinocapsus) fuscescens,NHMSYS0020309604,NBNORG0000095447
NHMSYS0020309606,1,1,1807,,,,Orthotylus (Pseudorthotylus) bilineatus,NHMSYS0020309606,NBNORG0000095449
NHMSYS0020309609,1,1,1800,,,,Pachybrachius fracticollis,NHMSYS0020309609,NBNORG0000095452
NHMSYS0020309610,1,1,1800,,,,Pachybrachius luridus,NHMSYS0020309610,NBNORG0000095453
NHMSYS0020309612,1,1,1843,,,,Pachytomella parallela,NHMSYS0020309612,NBNORG0000095455
NHMSYS0020309616,1,1,1800,,,,Pantilius (Pantilius) tunicatus,NHMSYS0020309616,NBNORG0000095459
NHMSYS0020309619,1,1,1800,,,,Parapiesma quadratum,NHMSYS0020309619,NBNORG0000095462
NHMSYS0020705813,1,1,1966,,,,Parapiesma quadratum subsp. spergulariae,NHMSYS0020977075,NBNORG0000095463
NHMSYS0020309622,1,1,1847,,,,Parapsallus vitellinus,NHMSYS0020309622,NBNORG0000095465
NHMSYS0020309624,1,1,1800,,,,Pentatoma rufipes,NHMSYS0020309624,NBNORG0000095467
NHMSYS0020309630,1,1,1800,,,,Peritrechus convivus,NHMSYS0020309630,NBNORG0000095473
NHMSYS0020309631,1,1,1800,,,,Peritrechus geniculatus,NHMSYS0020309631,NBNORG0000095474
NHMSYS0020309632,1,1,1800,,,,Peritrechus gracilicornis,NHMSYS0020309632,NBNORG0000095475
NHMSYS0020309633,1,1,1800,,,,Peritrechus lundii,NHMSYS0020309633,NBNORG0000095476
NHMSYS0020309634,1,1,1800,,,,Peritrechus nubilus,NHMSYS0020309634,NBNORG0000095477
NHMSYS0020309636,1,1,1807,,,,Phoenicocoris obscurellus,NHMSYS0020309636,NBNORG0000095479
NHMSYS0020309641,1,1,1800,,,,Phylus (Phylus) coryli,NHMSYS0020309641,NBNORG0000095484
NHMSYS0020309642,1,1,1800,,,,Phylus (Phylus) melanocephalus,NHMSYS0020309642,NBNORG0000095485
NHMSYS0020309645,1,1,1800,,,,Physatocheila dumetorum,NHMSYS0020309645,NBNORG0000095488
NHMSYS0020309646,1,1,1800,,,,Physatocheila harwoodi,NHMSYS0020309646,NBNORG0000095489
NHMSYS0020309649,1,1,1876,,,,Phytocoris (Ktenocoris) insignis,NHMSYS0020309649,NBNORG0000095492
NHMSYS0020309650,1,1,1800,,,,Phytocoris (Ktenocoris) ulmi,NHMSYS0020309650,NBNORG0000095493
NHMSYS0020309651,1,1,1852,,,,Phytocoris (Ktenocoris) varipes,NHMSYS0020309651,NBNORG0000095494
NHMSYS0020309653,1,1,1850,,,,Phytocoris (Phytocoris) dimidiatus,NHMSYS0020309653,NBNORG0000095496
NHMSYS0020309654,1,1,1861,,,,Phytocoris (Phytocoris) longipennis,NHMSYS0020309654,NBNORG0000095497
NHMSYS0020309655,1,1,1856,,,,Phytocoris (Phytocoris) pini,NHMSYS0020309655,NBNORG0000095498
NHMSYS0020309656,1,1,1800,,,,Phytocoris (Phytocoris) populi,NHMSYS0020309656,NBNORG0000095499
NHMSYS0020309657,1,1,1876,,,,Phytocoris (Phytocoris) reuteri,NHMSYS0020309657,NBNORG0000095500
NHMSYS0020309658,1,1,1800,,,,Phytocoris (Phytocoris) tiliae,NHMSYS0020309658,NBNORG0000095501
NHMSYS0020309660,1,1,1800,,,,Picromerus bidens,NHMSYS0020309660,NBNORG0000095503
NHMSYS0020309662,1,1,1800,,,,Piesma maculatum,NHMSYS0020309662,NBNORG0000095505
NHMSYS0020309665,1,1,1800,,,,Piezodorus lituratus,NHMSYS0020309665,NBNORG0000095508
NHMSYS0020309667,1,1,1855,,,,Pilophorus cinnamopterus,NHMSYS0020309667,NBNORG0000095510
NHMSYS0020309668,1,1,1800,,,,Pilophorus clavatus,NHMSYS0020309668,NBNORG0000095511
NHMSYS0020309669,1,1,1955,,,,Pilophorus confusus,NHMSYS0020309669,NBNORG0000095512
NHMSYS0020309670,1,1,1875,,,,Pilophorus perplexus,NHMSYS0020309670,NBNORG0000095513
NHMSYS0020309672,1,1,1843,,,,Pinalitus atomarius,NHMSYS0020309672,NBNORG0000095515
NHMSYS0020309673,1,1,1841,,,,Pinalitus cervinus,NHMSYS0020309673,NBNORG0000095516
NHMSYS0020309674,1,1,1807,,,,Pinalitus rubricatus,NHMSYS0020309674,NBNORG0000095517
NHMSYS0020309675,1,1,1888,,,,Pinalitus viscicola,NHMSYS0020309675,NBNORG0000095518
NHMSYS0020309677,1,1,1800,,,,Pionosomus varius,NHMSYS0020309677,NBNORG0000095520
NHMSYS0020309679,1,1,1838,,,,Pithanus maerkelii,NHMSYS0020309679,NBNORG0000095522
NHMSYS0020309681,1,1,1978,,,,Placochilus seladonicus,NHMSYS0020309681,NBNORG0000095524
NHMSYS0020309684,1,1,1800,,,,Plagiognathus (Plagiognathus) arbustorum,NHMSYS0020309684,NBNORG0000095527
NHMSYS0020309685,1,1,1804,,,,Plagiognathus (Plagiognathus) chrysanthemi,NHMSYS0020309685,NBNORG0000095528
NHMSYS0020309688,1,1,1868,,,,Platycranus (Genistocapsus) bicolor,NHMSYS0020309688,NBNORG0000095531
NHMSYS0020309694,1,1,1828,,,,Plesiodema pinetella,NHMSYS0020309694,NBNORG0000095536
NHMSYS0020309697,1,1,1800,,,,Plinthisus brevipennis,NHMSYS0020309697,NBNORG0000095539
NHMSYS0020309704,1,1,1907,,,,Polymerus (Poeciloscytus) palustris,NHMSYS0020309704,NBNORG0000095546
NHMSYS0020309705,1,1,1800,,,,Polymerus (Poeciloscytus) unifasciatus,NHMSYS0020309705,NBNORG0000095547
NHMSYS0020309707,1,1,1806,,,,Polymerus (Poeciloscytus) vulneratus,NHMSYS0020309707,NBNORG0000095549
NHMSYS0020309709,1,1,1807,,,,Polymerus (Polymerus) nigrita,NHMSYS0020309709,NBNORG0000095551
NHMSYS0020309716,1,1,1864,,,,Psallodema fieberi,NHMSYS0020309716,NBNORG0000095558
NHMSYS0020309719,1,1,1807,,,,Psallus (Apocremnus) betuleti,NHMSYS0020309719,NBNORG0000095561
NHMSYS0020309720,1,1,2006,,,,Psallus (Apocremnus) montanus,NHMSYS0020309720,NBNORG0000095562
NHMSYS0020309722,1,1,1956,,,,Psallus (Hylopsallus) assimilis,NHMSYS0020309722,NBNORG0000095564
NHMSYS0020309723,1,1,1957,,,,Psallus (Hylopsallus) perrisi,NHMSYS0020309723,NBNORG0000095565
NHMSYS0020309724,1,1,1980,,,,Psallus (Hylopsallus) pseudoplatani,NHMSYS0020309724,NBNORG0000095566
NHMSYS0020309725,1,1,1829,,,,Psallus (Hylopsallus) variabilis,NHMSYS0020309725,NBNORG0000095567
NHMSYS0020309726,1,1,1950,,,,Psallus (Hylopsallus) wagneri,NHMSYS0020309726,NBNORG0000095568
NHMSYS0020309728,1,1,1807,,,,Psallus (Mesopsallus) ambiguus,NHMSYS0020309728,NBNORG0000095570
NHMSYS0020309730,1,1,1855,,,,Psallus (Phylidea) quercus,NHMSYS0020309730,NBNORG0000095572
NHMSYS0020309732,1,1,1878,,,,Psallus (Pityopsallus) luridus,NHMSYS0020309732,NBNORG0000095574
NHMSYS0020309734,1,1,1856,,,,Psallus (Psallus) albicinctus,NHMSYS0020309734,NBNORG0000095576
NHMSYS0020309735,1,1,1981,,,,Psallus (Psallus) confusus,NHMSYS0020309735,NBNORG0000095577
NHMSYS0020309736,1,1,1883,,,,Psallus (Psallus) falleni,NHMSYS0020309736,NBNORG0000095578
NHMSYS0020309737,1,1,1933,,,,Psallus (Psallus) flavellus,NHMSYS0020309737,NBNORG0000095579
NHMSYS0020309738,1,1,1800,,,,Psallus (Psallus) haematodes,NHMSYS0020309738,NBNORG0000095580
NHMSYS0020309739,1,1,1858,,,,Psallus (Psallus) lepidus,NHMSYS0020309739,NBNORG0000095581
NHMSYS0020309740,1,1,1852,,,,Psallus (Psallus) mollis,NHMSYS0020309740,NBNORG0000095582
NHMSYS0020309741,1,1,1856,,,,Psallus (Psallus) salicis,NHMSYS0020309741,NBNORG0000095583
NHMSYS0020309742,1,1,1841,,,,Psallus (Psallus) varians,NHMSYS0020309742,NBNORG0000095584
NHMSYS0020309744,1,1,1843,,,,Pseudoloxops coccineus,NHMSYS0020309744,NBNORG0000095586
NHMSYS0020309748,1,1,1800,,,,Pterotmetus staphyliniformis,NHMSYS0020309748,NBNORG0000095590
NHMSYS0020309750,1,1,1800,,,,Pygolampis bidentata,NHMSYS0020309750,NBNORG0000095592
NHMSYS0020309752,1,1,1800,,,,Pyrrhocoris apterus,NHMSYS0020309752,NBNORG0000095594
NHMSYS0020309755,1,1,1800,,,,Raglius alboacuminatus,NHMSYS0020309755,NBNORG0000095597
NHMSYS0020309763,1,1,1800,,,,Reduvius personatus,NHMSYS0020309763,NBNORG0000095605
NHMSYS0020309766,1,1,2006,,,,Reuteria marqueti,NHMSYS0020309766,NBNORG0000095608
NHMSYS0020309768,1,1,1800,,,,Rhacognathus punctatus,NHMSYS0020309768,NBNORG0000095610
NHMSYS0020309773,1,1,1800,,,,Rhopalus (Aeschyntelus) maculatus,NHMSYS0020309773,NBNORG0000095615
NHMSYS0020309775,1,1,1800,,,,Rhopalus (Rhopalus) parumpunctatus,NHMSYS0020309775,NBNORG0000095617
NHMSYS0020309776,1,1,1800,,,,Rhopalus (Rhopalus) rufus,NHMSYS0020309776,NBNORG0000095618
NHMSYS0020309777,1,1,1800,,,,Rhopalus (Rhopalus) subrufus,NHMSYS0020309777,NBNORG0000095619
NHMSYS0020309781,1,1,1800,,,,Rhyparochromus pini,NHMSYS0020309781,NBNORG0000095623
NHMSYS0020309806,1,1,1800,,,,Sciocoris (Sciocoris) cursitans,NHMSYS0020309806,NBNORG0000095647
NHMSYS0020309808,1,1,1800,,,,Scolopostethus affinis,NHMSYS0020309808,NBNORG0000095649
NHMSYS0020309809,1,1,1800,,,,Scolopostethus decoratus,NHMSYS0020309809,NBNORG0000095650
NHMSYS0020309810,1,1,1800,,,,Scolopostethus grandis,NHMSYS0020309810,NBNORG0000095651
NHMSYS0020309811,1,1,1800,,,,Scolopostethus pictus,NHMSYS0020309811,NBNORG0000095652
NHMSYS0020309812,1,1,1800,,,,Scolopostethus puberulus,NHMSYS0020309812,NBNORG0000095653
NHMSYS0020309813,1,1,1800,,,,Scolopostethus thomsoni,NHMSYS0020309813,NBNORG0000095654
NHMSYS0020309817,1,1,1800,,,,Sehirus luctuosus,NHMSYS0020309817,NBNORG0000095658
NHMSYS0020309842,1,1,1800,,,,Spathocera dalmanii,NHMSYS0020309842,NBNORG0000095683
NHMSYS0020309844,1,1,1997,,,,Sphragisticus nebulosus,NHMSYS0020309844,NBNORG0000095685
NHMSYS0020309847,1,1,1829,,,,Stenodema (Brachystira) calcarata,NHMSYS0020309847,NBNORG0000095688
NHMSYS0020309848,1,1,1904,,,,Stenodema (Brachystira) trispinosa,NHMSYS0020309848,NBNORG0000095689
NHMSYS0020309850,1,1,1803,,,,Stenodema (Stenodema) holsata,NHMSYS0020309850,NBNORG0000095691
NHMSYS0020309851,1,1,1800,,,,Stenodema (Stenodema) laevigata,NHMSYS0020309851,NBNORG0000095692
NHMSYS0020309856,1,1,1901,,,,Stephanitis rhododendri,NHMSYS0020309856,NBNORG0000095697
NHMSYS0020309858,1,1,1846,,,,Sthenarus rotermundi,NHMSYS0020309858,NBNORG0000095699
NHMSYS0020309860,1,1,1800,,,,Stictopleurus abutilon,NHMSYS0020309860,NBNORG0000095701
NHMSYS0020309861,1,1,1800,,,,Stictopleurus punctatonervosus,NHMSYS0020309861,NBNORG0000095702
NHMSYS0020309864,1,1,1800,,,,Strongylocoris leucocephalus,NHMSYS0020309864,NBNORG0000095705
NHMSYS0020309865,1,1,1807,,,,Strongylocoris luridus,NHMSYS0020309865,NBNORG0000095706
NHMSYS0020309868,1,1,1800,,,,Stygnocoris fuligineus,NHMSYS0020309868,NBNORG0000095709
NHMSYS0020309869,1,1,1800,,,,Stygnocoris rusticus,NHMSYS0020309869,NBNORG0000095710
NHMSYS0020309870,1,1,1800,,,,Stygnocoris sabulosus,NHMSYS0020309870,NBNORG0000095711
NHMSYS0020309872,1,1,1800,,,,Syromastus rhombeus,NHMSYS0020309872,NBNORG0000095713
NHMSYS0020309874,1,1,1800,,,,Systellonotus triguttatus,NHMSYS0020309874,NBNORG0000095715
NHMSYS0020309876,1,1,1800,,,,Taphropeltus contractus,NHMSYS0020309876,NBNORG0000095717
NHMSYS0020309877,1,1,1800,,,,Taphropeltus hamulatus,NHMSYS0020309877,NBNORG0000095718
NHMSYS0020309882,1,1,1800,,,,Temnostethus (Montandoniella) gracilis,NHMSYS0020309882,NBNORG0000095723
NHMSYS0020309883,1,1,1800,,,,Temnostethus (Montandoniella) pusillus,NHMSYS0020309883,NBNORG0000095724
NHMSYS0020309884,1,1,1972,,,,Temnostethus (Montandoniella) tibialis,NHMSYS0020309884,NBNORG0000095725
NHMSYS0020309886,1,1,1850,,,,Teratocoris antennatus,NHMSYS0020309886,NBNORG0000095727
NHMSYS0020309887,1,1,1967,,,,Teratocoris caricis,NHMSYS0020309887,NBNORG0000095728
NHMSYS0020309888,1,1,1870,,,,Teratocoris saundersi,NHMSYS0020309888,NBNORG0000095729
NHMSYS0020309889,1,1,1870,,,,Teratocoris viridis,NHMSYS0020309889,NBNORG0000095730
NHMSYS0020309891,1,1,1800,,,,Tetraphleps bicuspis,NHMSYS0020309891,NBNORG0000095732
NHMSYS0020309895,1,1,1800,,,,Thyreocoris scarabaeoides,NHMSYS0020309895,NBNORG0000095736
NHMSYS0020309899,1,1,1800,,,,Tingis (Tingis) ampliata,NHMSYS0020309899,NBNORG0000095740
NHMSYS0020309900,1,1,1800,,,,Tingis (Tingis) angustata,NHMSYS0020309900,NBNORG0000095741
NHMSYS0020309901,1,1,1800,,,,Tingis (Tingis) cardui,NHMSYS0020309901,NBNORG0000095742
NHMSYS0020309903,1,1,1800,,,,Tingis (Tropidocheila) reticulata,NHMSYS0020309903,NBNORG0000095744
NHMSYS0020309907,1,1,1843,,,,Tinicephalus (Tinicephalus) hortulanus,NHMSYS0020309907,NBNORG0000095748
NHMSYS0020309910,1,1,1800,,,,Trapezonotus (Trapezonotus) arenarius,NHMSYS0020309910,NBNORG0000095751
NHMSYS0020309911,1,1,1800,,,,Trapezonotus (Trapezonotus) desertus,NHMSYS0020309911,NBNORG0000095752
NHMSYS0020309912,1,1,1800,,,,Trapezonotus (Trapezonotus) dispar,NHMSYS0020309912,NBNORG0000095753
NHMSYS0020309913,1,1,1800,,,,Trapezonotus (Trapezonotus) ullrichi,NHMSYS0020309913,NBNORG0000095754
NHMSYS0020309915,1,1,1960,,,,Trigonotylus caelestialium,NHMSYS0020309915,NBNORG0000095756
NHMSYS0020309916,1,1,1885,,,,Trigonotylus psammaecolor,NHMSYS0020309916,NBNORG0000095757
NHMSYS0020309917,1,1,1800,,,,Trigonotylus ruficornis,NHMSYS0020309917,NBNORG0000095758
NHMSYS0020309919,1,1,1800,,,,Tritomegas bicolor,NHMSYS0020309919,NBNORG0000095760
NHMSYS0020309921,1,1,1800,,,,Troilus luridus,NHMSYS0020309921,NBNORG0000095762
NHMSYS0020309923,1,1,1800,,,,Tropistethus holosericeus,NHMSYS0020309923,NBNORG0000095764
NHMSYS0020309925,1,1,1970,,,,Tupiocoris rhododendri,NHMSYS0020309925,NBNORG0000095766
NHMSYS0020309928,1,1,2000,,,,Tuponia (Chlorotuponia) brevirostris,NHMSYS0020309928,NBNORG0000095769
NHMSYS0020309930,1,1,1979,,,,Tuponia (Tuponia) mixticolor,NHMSYS0020309930,NBNORG0000095771
NHMSYS0020309932,1,1,1931,,,,Tytthus pubescens,NHMSYS0020309932,NBNORG0000095773
NHMSYS0020309933,1,1,1838,,,,Tytthus pygmaeus,NHMSYS0020309933,NBNORG0000095774
NHMSYS0020309942,1,1,1800,,,,Xylocoridea brevipennis,NHMSYS0020309942,NBNORG0000095783
NHMSYS0020309946,1,1,1800,,,,Xylocoris (Proxylocoris) galactinus,NHMSYS0020309946,NBNORG0000095787
NHMSYS0020309948,1,1,1800,,,,Xylocoris (Xylocoris) cursitans,NHMSYS0020309948,NBNORG0000095789
NHMSYS0020309949,1,1,1800,,,,Xylocoris (Xylocoris) formicetorum,NHMSYS0020309949,NBNORG0000095790
NHMSYS0020309952,1,1,1807,,,,Zygimus nigriceps,NHMSYS0020309952,NBNORG0000095793
NHMSYS0020442309,1,1,1800,,,,Cimex columbarius,NHMSYS0020442309,NBNORG0000095988
NHMSYS0020442331,1,1,1800,,,,Eremocoris fenestratus,NHMSYS0020442331,NBNORG0000096003
NHMSYS0020476639,1,1,2006,,,,Leptoglossus occidentalis,NHMSYS0020476639,NBNORG0000096530
NHMSYS0020705907,1,1,1838,,,,Salicarus (Salicarus) roseri,NHMSYS0020705907,NBNORG0000101864
NHMSYS0020309021,1,1,1800,,,,Closterotomus norwegicus,NHMSYS0020976950,NBNORG0000102985
NHMSYS0020784510,1,1,1800,,,,Rhabdomiris striatellus,NHMSYS0020784510,NBNORG0000104364
NHMSYS0020916991,1,1,2010,,,,Rhaphigaster nebulosa,NHMSYS0020916991,NBNORG0000105356
NHMSYS0020916997,1,1,2011,,,,Tritomegas sexmaculatus,NHMSYS0020916997,NBNORG0000105357
NHMSYS0020973301,1,1,2010,,,,Rhyparochromus vulgaris,NHMSYS0020973301,NBNORG0000108171
NHMSYS0020973307,1,1,2010,,,,Conostethus venustus,NHMSYS0020973307,NBNORG0000108172
NHMSYS0020705623,1,1,1800,,,,Peribalus strictus,NHMSYS0021131492,NBNORG0000116818
