"organism_key","taxon","start_day","start_month","start_year","end_day","end_month","end_year"
"NBNORG0000007065","Equisetum ramosissimum",1,1,1947,,,
"NBNORG0000007078","Onoclea sensibilis",1,1,1840,,,
"NBNORG0000007108","Azolla filiculoides",1,1,1883,,,
"NBNORG0000007119","Sagittaria latifolia",1,1,1941,,,
"NBNORG0000007120","Sagittaria rigida",1,1,1908,,,
"NBNORG0000007124","Vallisneria spiralis",1,1,1868,,,
"NBNORG0000007152","Hemerocallis fulva",1,1,1905,,,
"NBNORG0000007153","Hemerocallis lilioasphodelus",1,1,1894,,,
"NBNORG0000007159","Lilium martagon",1,1,1782,,,
"NBNORG0000007160","Lilium pyrenaicum",1,1,1853,,,
"NBNORG0000007162","Tulipa sylvestris",1,1,1790,,,
"NBNORG0000007163","Ornithogalum angustifolium",1,1,1548,,,
"NBNORG0000007164","Ornithogalum nutans",1,1,1805,,,
"NBNORG0000007167","Scilla siberica",1,1,1968,,,
"NBNORG0000007176","Allium carinatum",1,1,1867,,,
"NBNORG0000007178","Allium roseum",1,1,1837,,,
"NBNORG0000007179","Allium triquetrum",1,1,1847,,,
"NBNORG0000007181","Nothoscordum borbonicum",1,1,1930,,,
"NBNORG0000007182","Pontederia cordata",1,1,1949,,,
"NBNORG0000007184","Juncus tenuis",1,1,1795,,,
"NBNORG0000007212","Allium cepa",1,1,1896,,,
"NBNORG0000007213","Allium porrum",1,1,1935,,,
"NBNORG0000007214","Leucojum vernum",1,1,1834,,,
"NBNORG0000007216","Galanthus nivalis",1,1,1776,,,
"NBNORG0000007218","Narcissus pseudonarcissus subsp. major",1,1,1813,,,
"NBNORG0000007219","Narcissus poeticus subsp. poeticus",1,1,1779,,,
"NBNORG0000007222","Iris spuria",1,1,1836,,,
"NBNORG0000007223","Iris versicolor",1,1,1893,,,
"NBNORG0000007226","Iris germanica",1,1,1849,,,
"NBNORG0000007227","Crocus vernus",1,1,1763,,,
"NBNORG0000007231","Gladiolus communis",1,1,1862,,,
"NBNORG0000007252","Acorus calamus",1,1,1668,,,
"NBNORG0000007253","Calla palustris",1,1,1861,,,
"NBNORG0000007335","Festuca heterophylla",1,1,1874,,,
"NBNORG0000007340","Lolium multiflorum",1,1,1840,,,
"NBNORG0000007342","Lolium remotum",1,1,1858,,,
"NBNORG0000007345","Vulpia unilateralis",1,1,1903,,,
"NBNORG0000007357","Poa palustris",1,1,1879,,,
"NBNORG0000007360","Cynosurus echinatus",1,1,1778,,,
"NBNORG0000007363","Briza maxima",1,1,1860,,,
"NBNORG0000007370","Bromus arvensis",1,1,1763,,,
"NBNORG0000007372","Ceratochloa cathartica",1,1,1854,,,
"NBNORG0000007377","Hordeum geniculatum",1,1,1838,,,
"NBNORG0000007378","Hordeum vulgare",1,1,1846,,,
"NBNORG0000007379","Hordeum jubatum",1,1,1890,,,
"NBNORG0000007383","Avena sativa",1,1,1875,,,
"NBNORG0000007397","Agrostis scabra",1,1,1896,,,
"NBNORG0000007398","Polypogon viridis",1,1,1860,,,
"NBNORG0000007400","Apera interrupta",1,1,1843,,,
"NBNORG0000007403","Lagurus ovatus",1,1,1791,,,
"NBNORG0000007414","Anthoxanthum aristatum",1,1,1872,,,
"NBNORG0000007416","Phalaris canariensis",1,1,1632,,,
"NBNORG0000007417","Phalaris minor",1,1,1791,,,
"NBNORG0000007418","Phalaris paradoxa",1,1,1832,,,
"NBNORG0000007419","Phalaris aquatica",1,1,1906,,,
"NBNORG0000007421","Cynodon dactylon",1,1,1688,,,
"NBNORG0000007422","Digitaria sanguinalis",1,1,1690,,,
"NBNORG0000007423","Triticum aestivum",1,1,1891,,,
"NBNORG0000007428","Eranthis hyemalis",1,1,1838,,,
"NBNORG0000007429","Consolida ajacis",1,1,1650,,,
"NBNORG0000007432","Anemone ranunculoides",1,1,1778,,,
"NBNORG0000007433","Anemone apennina",1,1,1724,,,
"NBNORG0000007435","Clematis flammula",1,1,1927,,,
"NBNORG0000007436","Clematis montana",1,1,1928,,,
"NBNORG0000007437","Clematis viticella",1,1,1880,,,
"NBNORG0000007442","Ranunculus muricatus",1,1,1777,,,
"NBNORG0000007465","Aquilegia pyrenaica",1,1,1895,,,
"NBNORG0000007471","Berberis glaucocarpa",1,1,1907,,,
"NBNORG0000007472","Mahonia aquifolium",1,1,1874,,,
"NBNORG0000007486","Eschscholzia californica",1,1,1864,,,
"NBNORG0000007487","Corydalis solida",1,1,1796,,,
"NBNORG0000007488","Pseudofumaria lutea",1,1,1796,,,
"NBNORG0000007499","Brassica napus",1,1,1660,,,
"NBNORG0000007503","Diplotaxis muralis",1,1,1778,,,
"NBNORG0000007505","Diplotaxis erucoides",1,1,1859,,,
"NBNORG0000007506","Eruca vesicaria",1,1,1859,,,
"NBNORG0000007510","Raphanus sativus",1,1,1862,,,
"NBNORG0000007512","Crambe cordifolia",1,1,1966,,,
"NBNORG0000007513","Rapistrum perenne",1,1,1859,,,
"NBNORG0000007514","Rapistrum rugosum",1,1,1861,,,
"NBNORG0000007516","Conringia orientalis",1,1,1724,,,
"NBNORG0000007517","Lepidium sativum",1,1,1799,,,
"NBNORG0000007520","Lepidium virginicum",1,1,1881,,,
"NBNORG0000007522","Lepidium graminifolium",1,1,1857,,,
"NBNORG0000007523","Lepidium draba",1,1,1802,,,
"NBNORG0000007524","Lepidium draba subsp. chalepense",1,1,1915,,,
"NBNORG0000007528","Thlaspi alliaceum",1,1,1923,,,
"NBNORG0000007536","Bunias orientalis",1,1,1825,,,
"NBNORG0000007537","Alyssum alyssoides",1,1,1837,,,
"NBNORG0000007538","Alyssum saxatile",1,1,1912,,,
"NBNORG0000007539","Lobularia maritima",1,1,1804,,,
"NBNORG0000007540","Berteroa incana",1,1,1798,,,
"NBNORG0000007552","Cardamine trifolia",1,1,1903,,,
"NBNORG0000007554","Barbarea stricta",1,1,1840,,,
"NBNORG0000007556","Pseudoturritis turrita",1,1,1722,,,
"NBNORG0000007565","Rorippa austriaca",1,1,1905,,,
"NBNORG0000007566","Hesperis matronalis",1,1,1805,,,
"NBNORG0000007570","Sisymbrium irio",1,1,1650,,,
"NBNORG0000007571","Sisymbrium loeselii",1,1,1883,,,
"NBNORG0000007572","Sisymbrium orientale",1,1,1832,,,
"NBNORG0000007573","Sisymbrium altissimum",1,1,1858,,,
"NBNORG0000007574","Sisymbrium strictissimum",1,1,1873,,,
"NBNORG0000007577","Camelina sativa",1,1,1633,,,
"NBNORG0000007578","Camelina microcarpa",1,1,1867,,,
"NBNORG0000007580","Aubrieta deltoidea",1,1,1913,,,
"NBNORG0000007581","Lunaria annua",1,1,1597,,,
"NBNORG0000007584","Reseda alba",1,1,1826,,,
"NBNORG0000007585","Reseda phyteuma",1,1,1907,,,
"NBNORG0000007591","Viola cornuta",1,1,1878,,,
"NBNORG0000007597","Hypericum hircinum",1,1,1856,,,
"NBNORG0000007598","Hypericum calycinum",1,1,1809,,,
"NBNORG0000007608","Hypericum canadense",1,1,1954,,,
"NBNORG0000007613","Tamarix gallica",1,1,1796,,,
"NBNORG0000007623","Silene armeria",1,1,1840,,,
"NBNORG0000007626","Silene italica",1,1,1825,,,
"NBNORG0000007634","Dianthus barbatus",1,1,1805,,,
"NBNORG0000007636","Dianthus plumarius",1,1,1724,,,
"NBNORG0000007637","Dianthus caryophyllus",1,1,1745,,,
"NBNORG0000007638","Dianthus gallicus",1,1,1892,,,
"NBNORG0000007643","Cerastium tomentosum",1,1,1909,,,
"NBNORG0000007648","Cerastium brachypetalum",1,1,1947,,,
"NBNORG0000007658","Holosteum umbellatum",1,1,1765,,,
"NBNORG0000007669","Arenaria balearica",1,1,1805,,,
"NBNORG0000007670","Arenaria montana",1,1,1865,,,
"NBNORG0000007672","Spergula morisonii",1,1,1943,,,
"NBNORG0000007678","Claytonia perfoliata",1,1,1849,,,
"NBNORG0000007679","Claytonia sibirica",1,1,1837,,,
"NBNORG0000007681","Portulaca oleracea",1,1,1874,,,
"NBNORG0000007682","Amaranthus retroflexus",1,1,1853,,,
"NBNORG0000007683","Amaranthus hybridus",1,1,1876,,,
"NBNORG0000007684","Amaranthus albus",1,1,1872,,,
"NBNORG0000007685","Amaranthus blitum",1,1,1771,,,
"NBNORG0000007690","Chenopodium suecicum",1,1,1844,,,
"NBNORG0000007691","Chenopodium berlandieri",1,1,1904,,,
"NBNORG0000007705","Atriplex hortensis",1,1,1824,,,
"NBNORG0000007706","Atriplex halimus",1,1,1900,,,
"NBNORG0000007714","Malva nicaeensis",1,1,1859,,,
"NBNORG0000007716","Malva parviflora",1,1,1859,,,
"NBNORG0000007717","Malva verticillata",1,1,1799,,,
"NBNORG0000007719","Lavatera cretica",1,1,1859,,,
"NBNORG0000007721","Malva setigera",1,1,1792,,,
"NBNORG0000007722","Alcea rosea",1,1,1905,,,
"NBNORG0000007723","Linum usitatissimum",1,1,1632,,,
"NBNORG0000007729","Geranium versicolor",1,1,1820,,,
"NBNORG0000007730","Geranium nodosum",1,1,1801,,,
"NBNORG0000007731","Geranium phaeum",1,1,1724,,,
"NBNORG0000007733","Geranium macrorrhizum",1,1,1888,,,
"NBNORG0000007742","Oxalis corniculata",1,1,1770,,,
"NBNORG0000007743","Oxalis dillenii",1,1,1951,,,
"NBNORG0000007744","Oxalis stricta",1,1,1823,,,
"NBNORG0000007745","Oxalis megalorrhiza",1,1,1940,,,
"NBNORG0000007746","Oxalis articulata",1,1,1912,,,
"NBNORG0000007747","Oxalis debilis",1,1,1900,,,
"NBNORG0000007748","Oxalis tetraphylla",1,1,1917,,,
"NBNORG0000007749","Oxalis pes-caprae",1,1,1901,,,
"NBNORG0000007750","Oxalis incarnata",1,1,1912,,,
"NBNORG0000007752","Impatiens capensis",1,1,1822,,,
"NBNORG0000007753","Impatiens parviflora",1,1,1851,,,
"NBNORG0000007754","Impatiens glandulifera",1,1,1855,,,
"NBNORG0000007755","Acer pseudoplatanus",1,1,1632,,,
"NBNORG0000007756","Acer platanoides",1,1,1905,,,
"NBNORG0000007762","Rhamnus alaternus",1,1,1908,,,
"NBNORG0000007764","Lupinus nootkatensis",1,1,1862,,,
"NBNORG0000007765","Lupinus arboreus",1,1,1926,,,
"NBNORG0000007769","Spartium junceum",1,1,1905,,,
"NBNORG0000007778","Medicago sativa subsp. sativa",1,1,1688,,,
"NBNORG0000007782","Melilotus indicus",1,1,1852,,,
"NBNORG0000007787","Trifolium stellatum",1,1,1804,,,
"NBNORG0000007788","Trifolium incarnatum subsp. incarnatum",1,1,1798,,,
"NBNORG0000007797","Trifolium hybridum",1,1,1762,,,
"NBNORG0000007800","Trifolium resupinatum",1,1,1830,,,
"NBNORG0000007801","Trifolium aureum",1,1,1838,,,
"NBNORG0000007811","Tetragonolobus maritimus",1,1,1875,,,
"NBNORG0000007812","Galega officinalis",1,1,1640,,,
"NBNORG0000007813","Robinia pseudoacacia",1,1,1888,,,
"NBNORG0000007814","Colutea arborescens",1,1,1900,,,
"NBNORG0000007819","Astragalus odoratus",1,1,1930,,,
"NBNORG0000007822","Securigera varia",1,1,1836,,,
"NBNORG0000007823","Coronilla valentina",1,1,1949,,,
"NBNORG0000007829","Vicia tenuifolia",1,1,1859,,,
"NBNORG0000007830","Vicia villosa",1,1,1857,,,
"NBNORG0000007840","Vicia narbonensis",1,1,1890,,,
"NBNORG0000007843","Lathyrus hirsutus",1,1,1666,,,
"NBNORG0000007845","Lathyrus tuberosus",1,1,1859,,,
"NBNORG0000007847","Lathyrus heterophyllus",1,1,1956,,,
"NBNORG0000007848","Lathyrus latifolius",1,1,1670,,,
"NBNORG0000007851","Physocarpus opulifolius",1,1,1909,,,
"NBNORG0000007852","Spiraea salicifolia",1,1,1805,,,
"NBNORG0000007853","Spiraea douglasii",1,1,1910,,,
"NBNORG0000007859","Rubus odoratus",1,1,1914,,,
"NBNORG0000007860","Rubus parviflorus",1,1,1913,,,
"NBNORG0000007862","Rubus phoenicolasius",1,1,1907,,,
"NBNORG0000007863","Rubus spectabilis",1,1,1874,,,
"NBNORG0000007873","Potentilla recta",1,1,1858,,,
"NBNORG0000007874","Potentilla norvegica",1,1,1856,,,
"NBNORG0000007875","Potentilla intermedia",1,1,1859,,,
"NBNORG0000007883","Geum macrophyllum",1,1,1908,,,
"NBNORG0000007888","Aremonia agrimonioides",1,1,1852,,,
"NBNORG0000007890","Alchemilla conjuncta",1,1,1812,,,
"NBNORG0000007899","Alchemilla mollis",1,1,1948,,,
"NBNORG0000007901","Sanguisorba canadensis",1,1,1848,,,
"NBNORG0000007902","Poterium sanguisorba subsp. balearica",1,1,1849,,,
"NBNORG0000007912","Prunus cerasifera",1,1,1918,,,
"NBNORG0000007914","Prunus cerasus",1,1,1685,,,
"NBNORG0000007916","Prunus laurocerasus",1,1,1886,,,
"NBNORG0000007917","Prunus lusitanica",1,1,1927,,,
"NBNORG0000007918","Cotoneaster simonsii",1,1,1910,,,
"NBNORG0000007921","Crataegus crus-galli",1,1,1912,,,
"NBNORG0000007925","Sorbus intermedia",1,1,1908,,,
"NBNORG0000007933","Sedum dasyphyllum",1,1,1724,,,
"NBNORG0000007935","Sedum lydium",1,1,1909,,,
"NBNORG0000007937","Sedum sexangulare",1,1,1763,,,
"NBNORG0000007939","Sedum rupestre",1,1,1666,,,
"NBNORG0000007941","Sempervivum tectorum",1,1,1629,,,
"NBNORG0000007946","Saxifraga umbrosa",1,1,1792,,,
"NBNORG0000007949","Saxifraga cymbalaria",1,1,1865,,,
"NBNORG0000007963","Ribes nigrum",1,1,1660,,,
"NBNORG0000007964","Ribes sanguineum",1,1,1867,,,
"NBNORG0000007966","Ribes uva-crispa",1,1,1763,,,
"NBNORG0000007969","Sarracenia purpurea",1,1,1906,,,
"NBNORG0000007987","Oenothera biennis",1,1,1650,,,
"NBNORG0000007988","Oenothera stricta",1,1,1847,,,
"NBNORG0000007990","Fuchsia magellanica",1,1,1857,,,
"NBNORG0000008005","Cornus sericea",1,1,1838,,,
"NBNORG0000008006","Cornus mas",1,1,1927,,,
"NBNORG0000008013","Astrantia major",1,1,1841,,,
"NBNORG0000008017","Chaerophyllum aureum",1,1,1810,,,
"NBNORG0000008019","Anthriscus cerefolium",1,1,1633,,,
"NBNORG0000008022","Myrrhis odorata",1,1,1777,,,
"NBNORG0000008026","Coriandrum sativum",1,1,1793,,,
"NBNORG0000008028","Smyrnium perfoliatum",1,1,1932,,,
"NBNORG0000008031","Bupleurum fruticosum",1,1,1905,,,
"NBNORG0000008035","Bupleurum falcatum",1,1,1831,,,
"NBNORG0000008045","Ammi majus",1,1,1821,,,
"NBNORG0000008046","Ammi visnaga",1,1,1881,,,
"NBNORG0000008047","Falcaria vulgaris",1,1,1858,,,
"NBNORG0000008060","Anethum graveolens",1,1,1863,,,
"NBNORG0000008066","Angelica archangelica",1,1,1597,,,
"NBNORG0000008071","Heracleum mantegazzianum",1,1,1828,,,
"NBNORG0000008073","Tordylium maximum",1,1,1670,,,
"NBNORG0000008076","Asarum europaeum",1,1,1640,,,
"NBNORG0000008077","Aristolochia clematitis",1,1,1685,,,
"NBNORG0000008078","Aristolochia rotunda",1,1,1901,,,
"NBNORG0000008084","Euphorbia corallioides",1,1,1808,,,
"NBNORG0000008086","Euphorbia dulcis",1,1,1849,,,
"NBNORG0000008094","Euphorbia esula",1,1,1804,,,
"NBNORG0000008095","Euphorbia cyparissias",1,1,1799,,,
"NBNORG0000008103","Fallopia baldschuanica",1,1,1936,,,
"NBNORG0000008104","Persicaria wallichii",1,1,1917,,,
"NBNORG0000008105","Fagopyrum esculentum",1,1,1597,,,
"NBNORG0000008110","Rumex scutatus",1,1,1800,,,
"NBNORG0000008111","Rumex confertus",1,1,1918,,,
"NBNORG0000008114","Rumex cristatus",1,1,1918,,,
"NBNORG0000008115","Rumex patientia",1,1,1871,,,
"NBNORG0000008127","Rumex frutescens",1,1,1913,,,
"NBNORG0000008129","Soleirolia soleirolii",1,1,1917,,,
"NBNORG0000008137","Ficus carica",1,1,1918,,,
"NBNORG0000008142","Alnus incana",1,1,1920,,,
"NBNORG0000008146","Quercus cerris",1,1,1844,,,
"NBNORG0000008147","Quercus ilex",1,1,1862,,,
"NBNORG0000008149","Populus alba",1,1,1597,,,
"NBNORG0000008158","Salix acutifolia",1,1,1915,,,
"NBNORG0000008176","Rhododendron ponticum",1,1,1894,,,
"NBNORG0000008177","Rhododendron luteum",1,1,1939,,,
"NBNORG0000008178","Kalmia polifolia",1,1,1910,,,
"NBNORG0000008179","Kalmia angustifolia",1,1,1913,,,
"NBNORG0000008182","Gaultheria shallon",1,1,1914,,,
"NBNORG0000008183","Gaultheria procumbens",1,1,1938,,,
"NBNORG0000008190","Erica terminalis",1,1,1908,,,
"NBNORG0000008191","Erica lusitanica",1,1,1905,,,
"NBNORG0000008198","Vaccinium macrocarpon",1,1,1859,,,
"NBNORG0000008206","Cyclamen hederifolium",1,1,1597,,,
"NBNORG0000008210","Lysimachia ciliata",1,1,1849,,,
"NBNORG0000008211","Lysimachia punctata",1,1,1853,,,
"NBNORG0000008218","Syringa vulgaris",1,1,1879,,,
"NBNORG0000008220","Ligustrum ovalifolium",1,1,1939,,,
"NBNORG0000008222","Vinca major",1,1,1650,,,
"NBNORG0000008236","Omphalodes verna",1,1,1840,,,
"NBNORG0000008237","Asperugo procumbens",1,1,1660,,,
"NBNORG0000008241","Symphytum orientale",1,1,1849,,,
"NBNORG0000008242","Symphytum tauricum",1,1,1854,,,
"NBNORG0000008243","Symphytum tuberosum",1,1,1777,,,
"NBNORG0000008244","Symphytum grandiflorum",1,1,1898,,,
"NBNORG0000008245","Borago officinalis",1,1,1777,,,
"NBNORG0000008246","Borago pygmaea",1,1,1932,,,
"NBNORG0000008247","Anchusa officinalis",1,1,1799,,,
"NBNORG0000008248","Pulmonaria officinalis",1,1,1793,,,
"NBNORG0000008264","Lycium barbarum",1,1,1848,,,
"NBNORG0000008267","Physalis alkekengi",1,1,1650,,,
"NBNORG0000008271","Solanum physalifolium",1,1,1949,,,
"NBNORG0000008272","Solanum triflorum",1,1,1876,,,
"NBNORG0000008273","Solanum tuberosum",1,1,1835,,,
"NBNORG0000008274","Salpichroa origanifolia",1,1,1927,,,
"NBNORG0000008275","Datura stramonium",1,1,1777,,,
"NBNORG0000008277","Verbascum densiflorum",1,1,1921,,,
"NBNORG0000008278","Verbascum phlomoides",1,1,1836,,,
"NBNORG0000008281","Verbascum blattaria",1,1,1629,,,
"NBNORG0000008282","Verbascum virgatum",1,1,1787,,,
"NBNORG0000008283","Verbascum phoeniceum",1,1,1880,,,
"NBNORG0000008286","Antirrhinum majus",1,1,1762,,,
"NBNORG0000008287","Linaria supina",1,1,1847,,,
"NBNORG0000008288","Linaria arenaria",1,1,1893,,,
"NBNORG0000008290","Chaenorhinum origanifolium",1,1,1899,,,
"NBNORG0000008293","Cymbalaria pallida",1,1,1924,,,
"NBNORG0000008297","Scrophularia scorodonia",1,1,1689,,,
"NBNORG0000008298","Scrophularia vernalis",1,1,1633,,,
"NBNORG0000008300","Mimulus guttatus",1,1,1824,,,
"NBNORG0000008301","Mimulus luteus",1,1,1881,,,
"NBNORG0000008306","Erinus alpinus",1,1,1867,,,
"NBNORG0000008318","Veronica longifolia",1,1,1910,,,
"NBNORG0000008322","Veronica peregrina",1,1,1836,,,
"NBNORG0000008325","Veronica acinifolia",1,1,1906,,,
"NBNORG0000008326","Veronica praecox",1,1,1933,,,
"NBNORG0000008330","Veronica crista-galli",1,1,1888,,,
"NBNORG0000008335","Melampyrum arvense",1,1,1716,,,
"NBNORG0000008358","Lathraea clandestina",1,1,1908,,,
"NBNORG0000008373","Mentha requienii",1,1,1872,,,
"NBNORG0000008383","Hyssopus officinalis",1,1,1852,,,
"NBNORG0000008384","Satureja montana",1,1,1809,,,
"NBNORG0000008389","Melissa officinalis",1,1,1763,,,
"NBNORG0000008390","Salvia verticillata",1,1,1857,,,
"NBNORG0000008396","Prunella laciniata",1,1,1878,,,
"NBNORG0000008397","Stachys annua",1,1,1830,,,
"NBNORG0000008398","Stachys recta",1,1,1898,,,
"NBNORG0000008401","Stachys alpina",1,1,1897,,,
"NBNORG0000008404","Stachys byzantina",1,1,1858,,,
"NBNORG0000008409","Leonurus cardiaca",1,1,1597,,,
"NBNORG0000008410","Phlomis fruticosa",1,1,1896,,,
"NBNORG0000008421","Scutellaria hastifolia",1,1,1948,,,
"NBNORG0000008422","Scutellaria altissima",1,1,1929,,,
"NBNORG0000008423","Teucrium chamaedrys",1,1,1710,,,
"NBNORG0000008425","Teucrium botrys",1,1,1844,,,
"NBNORG0000008435","Plantago arenaria",1,1,1820,,,
"NBNORG0000008439","Campanula rapunculoides",1,1,1708,,,
"NBNORG0000008440","Campanula persicifolia",1,1,1802,,,
"NBNORG0000008445","Campanula alliariifolia",1,1,1943,,,
"NBNORG0000008446","Campanula medium",1,1,1870,,,
"NBNORG0000008448","Trachelium caeruleum",1,1,1892,,,
"NBNORG0000008455","Asperula taurina",1,1,1856,,,
"NBNORG0000008469","Galium spurium",1,1,1784,,,
"NBNORG0000008474","Sambucus racemosa",1,1,1905,,,
"NBNORG0000008476","Viburnum tinus",1,1,1916,,,
"NBNORG0000008479","Lonicera xylosteum",1,1,1770,,,
"NBNORG0000008481","Lonicera caprifolium",1,1,1763,,,
"NBNORG0000008487","Valeriana pyrenaica",1,1,1782,,,
"NBNORG0000008489","Centranthus ruber",1,1,1763,,,
"NBNORG0000008492","Scabiosa atropurpurea",1,1,1842,,,
"NBNORG0000008494","Rudbeckia laciniata",1,1,1898,,,
"NBNORG0000008497","Bidens frondosa",1,1,1899,,,
"NBNORG0000008498","Bidens bipinnata",1,1,1899,,,
"NBNORG0000008499","Galinsoga parviflora",1,1,1861,,,
"NBNORG0000008500","Ambrosia artemisiifolia",1,1,1836,,,
"NBNORG0000008501","Xanthium strumarium",1,1,1562,,,
"NBNORG0000008502","Xanthium spinosum",1,1,1846,,,
"NBNORG0000008506","Senecio squalidus",1,1,1794,,,
"NBNORG0000008509","Senecio viscosus",1,1,1660,,,
"NBNORG0000008511","Senecio smithii",1,1,1920,,,
"NBNORG0000008513","Senecio doria",1,1,1837,,,
"NBNORG0000008514","Senecio sarracenicus",1,1,1632,,,
"NBNORG0000008515","Senecio inaequidens",1,1,1836,,,
"NBNORG0000008518","Jacobaea maritima",1,1,1891,,,
"NBNORG0000008519","Doronicum pardalianches",1,1,1633,,,
"NBNORG0000008520","Doronicum plantagineum",1,1,1800,,,
"NBNORG0000008522","Petasites japonicus",1,1,1924,,,
"NBNORG0000008524","Calendula officinalis",1,1,1868,,,
"NBNORG0000008525","Calendula arvensis",1,1,1823,,,
"NBNORG0000008531","Dittrichia viscosa",1,1,1876,,,
"NBNORG0000008532","Dittrichia graveolens",1,1,1913,,,
"NBNORG0000008541","Gnaphalium undulatum",1,1,1888,,,
"NBNORG0000008542","Anaphalis margaritacea",1,1,1709,,,
"NBNORG0000008544","Solidago canadensis",1,1,1849,,,
"NBNORG0000008545","Solidago gigantea",1,1,1916,,,
"NBNORG0000008546","Solidago graminifolia",1,1,1809,,,
"NBNORG0000008548","Aster schreberi",1,1,1931,,,
"NBNORG0000008549","Aster novae-angliae",1,1,1823,,,
"NBNORG0000008551","Aster novi-belgii",1,1,1860,,,
"NBNORG0000008554","Aster laevis",1,1,1894,,,
"NBNORG0000008555","Aster lanceolatus",1,1,1865,,,
"NBNORG0000008560","Erigeron karvinskianus",1,1,1860,,,
"NBNORG0000008561","Olearia macrodonta",1,1,1947,,,
"NBNORG0000008564","Anthemis tinctoria",1,1,1661,,,
"NBNORG0000008571","Achillea distans",1,1,1844,,,
"NBNORG0000008573","Santolina chamaecyparissus",1,1,1902,,,
"NBNORG0000008576","Matricaria discoidea",1,1,1869,,,
"NBNORG0000008579","Cotula coronopifolia",1,1,1869,,,
"NBNORG0000008581","Artemisia verlotiorum",1,1,1908,,,
"NBNORG0000008582","Artemisia biennis",1,1,1903,,,
"NBNORG0000008583","Artemisia stelleriana",1,1,1888,,,
"NBNORG0000008586","Echinops sphaerocephalus",1,1,1908,,,
"NBNORG0000008591","Carduus pycnocephalus",1,1,1868,,,
"NBNORG0000008598","Cirsium oleraceum",1,1,1861,,,
"NBNORG0000008606","Centaurea montana",1,1,1845,,,
"NBNORG0000008612","Centaurea aspera",1,1,1788,,,
"NBNORG0000008614","Centaurea solstitialis",1,1,1778,,,
"NBNORG0000008615","Centaurea melitensis",1,1,1876,,,
"NBNORG0000008629","Tragopogon porrifolius",1,1,1597,,,
"NBNORG0000008634","Lactuca sativa",1,1,1866,,,
"NBNORG0000008641","Cicerbita bourgaei",1,1,1940,,,
"NBNORG0000008642","Cicerbita macrophylla",1,1,1915,,,
"NBNORG0000008646","Crepis vesicaria",1,1,1713,,,
"NBNORG0000008647","Crepis setosa",1,1,1843,,,
"NBNORG0000008652","Aesculus hippocastanum",1,1,1870,,,
"NBNORG0000008655","Herniaria hirsuta",1,1,1789,,,
"NBNORG0000008670","Philadelphus coronarius",1,1,1919,,,
"NBNORG0000008671","Escallonia macrantha",1,1,1905,,,
"NBNORG0000008672","Laurus nobilis",1,1,1924,,,
"NBNORG0000008674","Pinus pinaster",1,1,1850,,,
"NBNORG0000008675","Pinus nigra subsp. laricio",1,1,1905,,,
"NBNORG0000008678","Crassula helmsii",1,1,1956,,,
"NBNORG0000008681","Lemna minuta",1,1,1977,,,
"NBNORG0000008682","Muscari armeniacum",1,1,1892,,,
"NBNORG0000008686","Lepidium perfoliatum",1,1,1888,,,
"NBNORG0000008687","Panicum miliaceum",1,1,1865,,,
"NBNORG0000008688","Tsuga heterophylla",1,1,1959,,,
"NBNORG0000008690","Asperula arvensis",1,1,1841,,,
"NBNORG0000008695","Cannabis sativa",1,1,1799,,,
"NBNORG0000008696","Centaurea diluta",1,1,1904,,,
"NBNORG0000008697","Cotoneaster bullatus",1,1,1952,,,
"NBNORG0000008698","Cotoneaster franchetii",1,1,1968,,,
"NBNORG0000008700","Dipsacus sativus",1,1,1762,,,
"NBNORG0000008701","Dipsacus strigosus",1,1,1828,,,
"NBNORG0000008709","Iberis umbellata",1,1,1858,,,
"NBNORG0000008710","Iberis sempervirens",1,1,1928,,,
"NBNORG0000008711","Lobelia erinus",1,1,1905,,,
"NBNORG0000008712","Silene coronaria",1,1,1879,,,
"NBNORG0000008714","Lythrum junceum",1,1,1875,,,
"NBNORG0000008715","Oenothera cambrica",1,1,1833,,,
"NBNORG0000008722","Pinus contorta",1,1,1963,,,
"NBNORG0000008724","Solanum nigrum subsp. schultesii",1,1,1946,,,
"NBNORG0000008730","Digitalis lutea",1,1,1919,,,
"NBNORG0000008731","Chenopodium ambrosioides",1,1,1866,,,
"NBNORG0000008732","Acer saccharinum",1,1,1959,,,
"NBNORG0000008734","Erodium botrys",1,1,1909,,,
"NBNORG0000008735","Solanum carolinense",1,1,1977,,,
"NBNORG0000008736","Salvia sclarea",1,1,1918,,,
"NBNORG0000008737","Avena barbata",1,1,1903,,,
"NBNORG0000008739","Ferula communis",1,1,1956,,,
"NBNORG0000008740","Holodiscus discolor",1,1,1961,,,
"NBNORG0000008741","Lathyrus annuus",1,1,1897,,,
"NBNORG0000008742","Lolium rigidum",1,1,1864,,,
"NBNORG0000008747","Senecio pterophorus",1,1,1913,,,
"NBNORG0000008750","Sisymbrium erysimoides",1,1,1916,,,
"NBNORG0000008754","Trifolium lappaceum",1,1,1862,,,
"NBNORG0000008755","Solanum chenopodioides",1,1,1935,,,
"NBNORG0000008757","Phlox paniculata",1,1,1915,,,
"NBNORG0000008758","Cynodon incompletus",1,1,1950,,,
"NBNORG0000008761","Sisyrinchium laxum",1,1,1970,,,
"NBNORG0000008768","Berberis thunbergii",1,1,1971,,,
"NBNORG0000008770","Thymus vulgaris",1,1,1928,,,
"NBNORG0000008773","Geranium himalayense",1,1,1976,,,
"NBNORG0000008775","Calceolaria chelidonioides",1,1,1867,,,
"NBNORG0000008776","Tulipa gesneriana",1,1,1955,,,
"NBNORG0000008777","Echium rosulatum",1,1,1927,,,
"NBNORG0000008901","Narcissus bulbocodium",1,1,1905,,,
"NBNORG0000008902","Ruscus hypoglossum",1,1,1934,,,
"NBNORG0000008913","Primula auricula",1,1,1880,,,
"NBNORG0000008919","Anthemis punctata",1,1,1923,,,
"NBNORG0000008922","Sorbus hybrida",1,1,1985,,,
"NBNORG0000008923","Cotoneaster nitidus",1,1,1985,,,
"NBNORG0000008924","Hyacinthus orientalis",1,1,1957,,,
"NBNORG0000008930","Rostraria cristata",1,1,1902,,,
"NBNORG0000008932","Solanum sisymbriifolium",1,1,1922,,,
"NBNORG0000008935","Cicerbita plumieri",1,1,1917,,,
"NBNORG0000008936","Phaseolus vulgaris",1,1,1904,,,
"NBNORG0000008940","Geranium ibericum",1,1,1922,,,
"NBNORG0000008942","Euphorbia maculata",1,1,1917,,,
"NBNORG0000008947","Tagetes patula",1,1,1933,,,
"NBNORG0000008951","Euphorbia characias",1,1,1797,,,
"NBNORG0000008952","Eryngium planum",1,1,1951,,,
"NBNORG0000012066","Quercus rubra",1,1,1942,,,
"NBNORG0000013155","Coreopsis grandiflora",1,1,1912,,,
"NBNORG0000013156","Sigesbeckia serrata",1,1,1873,,,
"NBNORG0000013157","Avena sterilis",1,1,1903,,,
"NBNORG0000013158","Crassula pubescens",1,1,1970,,,
"NBNORG0000013159","Lepidium bonariense",1,1,1911,,,
"NBNORG0000013162","Erigeron philadelphicus",1,1,1916,,,
"NBNORG0000013164","Genista aetnensis",1,1,1977,,,
"NBNORG0000013167","Crepis tectorum",1,1,1872,,,
"NBNORG0000013170","Bergenia crassifolia",1,1,1962,,,
"NBNORG0000013172","Callistephus chinensis",1,1,1903,,,
"NBNORG0000013173","Vicia pannonica",1,1,1866,,,
"NBNORG0000013174","Agave americana",1,1,1826,,,
"NBNORG0000013175","Erodium cygnorum",1,1,1865,,,
"NBNORG0000013180","Scilla bifolia",1,1,1921,,,
"NBNORG0000013181","Gentiana asclepiadea",1,1,1867,,,
"NBNORG0000013182","Pinus strobus",1,1,1957,,,
"NBNORG0000013184","Trigonella caerulea",1,1,1867,,,
"NBNORG0000013186","Erepsia heteropetala",1,1,1957,,,
"NBNORG0000013187","Verbascum bombyciferum",1,1,1948,,,
"NBNORG0000013190","Cicer arietinum",1,1,1865,,,
"NBNORG0000013197","Trifolium pannonicum",1,1,1876,,,
"NBNORG0000013200","Ornithopus sativus",1,1,1909,,,
"NBNORG0000013201","Physalis ixocarpa",1,1,1915,,,
"NBNORG0000013202","Rumex dentatus",1,1,1877,,,
"NBNORG0000013204","Thlaspi macrophyllum",1,1,1964,,,
"NBNORG0000013206","Anemone blanda",1,1,1983,,,
"NBNORG0000013209","Crassula decumbens",1,1,1959,,,
"NBNORG0000013210","Sorbaria kirilowii",1,1,1975,,,
"NBNORG0000013214","Eragrostis tef",1,1,1961,,,
"NBNORG0000013215","Anthyllis vulneraria subsp. polyphylla",1,1,1956,,,
"NBNORG0000013217","Bidens pilosa",1,1,1911,,,
"NBNORG0000013219","Spiraea chamaedryfolia",1,1,1830,,,
"NBNORG0000013220","Ixia campanulata",1,1,1959,,,
"NBNORG0000013221","Arabis collina",1,1,1926,,,
"NBNORG0000013222","Pinus mugo",1,1,1968,,,
"NBNORG0000013223","Cyperus eragrostis",1,1,1909,,,
"NBNORG0000013226","Aronia arbutifolia",1,1,1975,,,
"NBNORG0000013230","Achillea ligustica",1,1,1900,,,
"NBNORG0000013232","Lepidium hyssopifolium",1,1,1913,,,
"NBNORG0000013235","Sambucus canadensis",1,1,1943,,,
"NBNORG0000013237","Salix elaeagnos",1,1,1914,,,
"NBNORG0000013239","Vicia faba",1,1,1903,,,
"NBNORG0000013241","Setaria faberi",1,1,1975,,,
"NBNORG0000013243","Genista hispanica",1,1,1927,,,
"NBNORG0000013244","Carpobrotus glaucescens",1,1,1947,,,
"NBNORG0000013248","Photinia davidiana",1,1,1966,,,
"NBNORG0000013250","Drosanthemum floribundum",1,1,1921,,,
"NBNORG0000013251","Amaranthus quitensis",1,1,1916,,,
"NBNORG0000013252","Carthamus lanatus",1,1,1876,,,
"NBNORG0000013253","Cosmos bipinnatus",1,1,1930,,,
"NBNORG0000013254","Arisarum proboscideum",1,1,1872,,,
"NBNORG0000013258","Cotoneaster insculptus",1,1,1984,,,
"NBNORG0000013259","Hippocrepis emerus",1,1,1937,,,
"NBNORG0000013261","Spiraea tomentosa",1,1,1905,,,
"NBNORG0000013264","Alstroemeria aurea",1,1,1950,,,
"NBNORG0000013265","Libertia formosa",1,1,1916,,,
"NBNORG0000013267","Campanula rhomboidalis",1,1,1978,,,
"NBNORG0000013268","Zea mays",1,1,1876,,,
"NBNORG0000013270","Dahlia pinnata",1,1,1969,,,
"NBNORG0000013273","Iris xiphium",1,1,1849,,,
"NBNORG0000013275","Ranunculus aconitifolius",1,1,1885,,,
"NBNORG0000013276","Prunus serotina",1,1,1853,,,
"NBNORG0000013277","Pisum sativum",1,1,1770,,,
"NBNORG0000013278","Rudbeckia hirta",1,1,1917,,,
"NBNORG0000013286","Papaver somniferum subsp. setigerum",1,1,1850,,,
"NBNORG0000013289","Cenchrus echinatus",1,1,1969,,,
"NBNORG0000013294","Sedum spathulifolium",1,1,1957,,,
"NBNORG0000013298","Nicotiana tabacum",1,1,1912,,,
"NBNORG0000013300","Galanthus caucasicus",1,1,1984,,,
"NBNORG0000013302","Malva alcea",1,1,1905,,,
"NBNORG0000013303","Leucojum aestivum subsp. pulchellum",1,1,1848,,,
"NBNORG0000013304","Melilotus sulcatus",1,1,1859,,,
"NBNORG0000013310","Reseda odorata",1,1,1793,,,
"NBNORG0000013311","Psoralea americana",1,1,1952,,,
"NBNORG0000013315","Phaseolus coccineus",1,1,1910,,,
"NBNORG0000013317","Buddleja alternifolia",1,1,1979,,,
"NBNORG0000013320","Nicotiana alata",1,1,1912,,,
"NBNORG0000013324","Griselinia littoralis",1,1,1957,,,
"NBNORG0000013325","Acer cappadocicum",1,1,1977,,,
"NBNORG0000013328","Geranium submolle",1,1,1926,,,
"NBNORG0000013335","Alchemilla tytthantha",1,1,1956,,,
"NBNORG0000013336","Nicotiana rustica",1,1,1869,,,
"NBNORG0000013342","Trifolium angustifolium",1,1,1876,,,
"NBNORG0000013343","Trifolium alexandrinum",1,1,1897,,,
"NBNORG0000013345","Hydrocotyle novae-zeelandiae",1,1,1961,,,
"NBNORG0000013347","Tagetes minuta",1,1,1922,,,
"NBNORG0000013350","Vicia benghalensis",1,1,1868,,,
"NBNORG0000013351","Medicago praecox",1,1,1909,,,
"NBNORG0000013354","Scilla messeniaca",1,1,1979,,,
"NBNORG0000013357","Petrorhagia saxifraga",1,1,1893,,,
"NBNORG0000013359","Trifolium tomentosum",1,1,1880,,,
"NBNORG0000013361","Narcissus minor",1,1,1885,,,
"NBNORG0000013362","Pteris cretica",1,1,1950,,,
"NBNORG0000013363","Phlomis russeliana",1,1,1949,,,
"NBNORG0000013364","Salvia glutinosa",1,1,1896,,,
"NBNORG0000013367","Pelargonium tomentosum",1,1,1938,,,
"NBNORG0000013369","Hibiscus trionum",1,1,1859,,,
"NBNORG0000013372","Allium nigrum",1,1,1866,,,
"NBNORG0000013373","Lavatera trimestris",1,1,1831,,,
"NBNORG0000013374","Trifolium hirtum",1,1,1906,,,
"NBNORG0000013375","Acer negundo",1,1,1913,,,
"NBNORG0000013384","Trigonella foenum-graecum",1,1,1863,,,
"NBNORG0000013386","Triticum turgidum",1,1,1887,,,
"NBNORG0000013388","Amaranthus deflexus",1,1,1874,,,
"NBNORG0000013389","Agapanthus praecox",1,1,1939,,,
"NBNORG0000013390","Atriplex suberecta",1,1,1950,,,
"NBNORG0000013392","Amaranthus caudatus",1,1,1908,,,
"NBNORG0000013393","Carthamus tinctorius",1,1,1899,,,
"NBNORG0000013394","Ligularia przewalskii",1,1,1982,,,
"NBNORG0000013396","Acanthus mollis",1,1,1820,,,
"NBNORG0000013401","Lappula squarrosa",1,1,1866,,,
"NBNORG0000013403","Cytisus striatus",1,1,1963,,,
"NBNORG0000013404","Helianthus tuberosus",1,1,1897,,,
"NBNORG0000013405","Kerria japonica",1,1,1965,,,
"NBNORG0000013406","Ononis natrix",1,1,1834,,,
"NBNORG0000013408","Scilla peruviana",1,1,1930,,,
"NBNORG0000013410","Sedum spectabile",1,1,1930,,,
"NBNORG0000013411","Chenopodium multifidum",1,1,1870,,,
"NBNORG0000013414","Argemone mexicana",1,1,1798,,,
"NBNORG0000013415","Cotoneaster congestus",1,1,1988,,,
"NBNORG0000013417","Cucumis melo",1,1,1928,,,
"NBNORG0000013418","Berberis darwinii",1,1,1915,,,
"NBNORG0000013419","Cucurbita pepo",1,1,1927,,,
"NBNORG0000013420","Cuminum cyminum",1,1,1832,,,
"NBNORG0000013421","Tradescantia virginiana",1,1,1965,,,
"NBNORG0000013425","Leucanthemella serotina",1,1,1909,,,
"NBNORG0000013427","Artemisia abrotanum",1,1,1872,,,
"NBNORG0000013431","Arctotheca calendula",1,1,1876,,,
"NBNORG0000013434","Pinus peuce",1,1,1968,,,
"NBNORG0000013439","Senecio vernalis",1,1,1905,,,
"NBNORG0000013441","Rubus tricolor",1,1,1976,,,
"NBNORG0000013442","Astragalus cicer",1,1,1913,,,
"NBNORG0000013443","Phytolacca acinosa",1,1,1925,,,
"NBNORG0000013444","Narcissus tazetta",1,1,1876,,,
"NBNORG0000013446","Brassica tournefortii",1,1,1904,,,
"NBNORG0000013447","Secale cereale",1,1,1865,,,
"NBNORG0000013448","Allium moly",1,1,1838,,,
"NBNORG0000013450","Physalis peruviana",1,1,1927,,,
"NBNORG0000013451","Lathyrus sativus",1,1,1883,,,
"NBNORG0000013452","Lupinus albus",1,1,1905,,,
"NBNORG0000013453","Chaerophyllum hirsutum",1,1,1970,,,
"NBNORG0000013454","Hebe brachysiphon",1,1,1996,,,
"NBNORG0000013455","Daucus carota subsp. sativus",1,1,1928,,,
"NBNORG0000013457","Scolymus hispanicus",1,1,1876,,,
"NBNORG0000013458","Acorus gramineus",1,1,1986,,,
"NBNORG0000013461","Chloris virgata",1,1,1858,,,
"NBNORG0000013462","Iris sibirica",1,1,1770,,,
"NBNORG0000013463","Cotoneaster hissaricus",1,1,1985,,,
"NBNORG0000013464","Cotoneaster pannosus",1,1,1972,,,
"NBNORG0000013465","Aetheorhiza bulbosa",1,1,1957,,,
"NBNORG0000013466","Rheum palmatum",1,1,1964,,,
"NBNORG0000013470","Solanum villosum subsp. miniatum",1,1,1881,,,
"NBNORG0000013473","Trigonella corniculata",1,1,1874,,,
"NBNORG0000013475","Acanthus spinosus",1,1,1942,,,
"NBNORG0000013479","Glycine max",1,1,1923,,,
"NBNORG0000013485","Oxalis rosea",1,1,1931,,,
"NBNORG0000013488","Buddleja globosa",1,1,1964,,,
"NBNORG0000013492","Sorghum halepense",1,1,1924,,,
"NBNORG0000013495","Aristea ecklonii",1,1,1977,,,
"NBNORG0000021641","Amsinckia micrantha",1,1,1910,,,
"NBNORG0000021882","Allium neapolitanum",1,1,1864,,,
"NBNORG0000021916","Allium subhirsutum",1,1,1954,,,
"NBNORG0000022102","Acaena novae-zelandiae",1,1,1901,,,
"NBNORG0000022444","Lathyrus odoratus",1,1,1887,,,
"NBNORG0000022793","Ricinus communis",1,1,1865,,,
"NBNORG0000023136","Erodium chium",1,1,1858,,,
"NBNORG0000023142","Erodium crinitum",1,1,1851,,,
"NBNORG0000023249","Amaranthus bouchonii",1,1,1949,,,
"NBNORG0000023255","Schkuhria pinnata",1,1,1900,,,
"NBNORG0000023257","Capsicum annuum",1,1,1930,,,
"NBNORG0000023259","Lysichiton camtschatcensis",1,1,1948,,,
"NBNORG0000023265","Choisya ternata",1,1,1980,,,
"NBNORG0000023266","Clematis tangutica",1,1,1965,,,
"NBNORG0000023268","Artemisia annua",1,1,1903,,,
"NBNORG0000023269","Schismus barbatus",1,1,1958,,,
"NBNORG0000023271","Gypsophila paniculata",1,1,1884,,,
"NBNORG0000023273","Amaranthus capensis",1,1,1908,,,
"NBNORG0000023275","Ononis mitissima",1,1,1865,,,
"NBNORG0000023276","Helleborus orientalis",1,1,1925,,,
"NBNORG0000023279","Raphanus raphanistrum subsp. landra",1,1,1859,,,
"NBNORG0000023280","Koelreuteria paniculata",1,1,1908,,,
"NBNORG0000023283","Chaenomeles speciosa",1,1,1963,,,
"NBNORG0000023284","Phyteuma scheuchzeri",1,1,1951,,,
"NBNORG0000023286","Leptochloa fusca",1,1,1918,,,
"NBNORG0000023289","Heuchera sanguinea",1,1,1967,,,
"NBNORG0000023291","Senecio doronicum",1,1,1977,,,
"NBNORG0000023294","Galanthus ikariae",1,1,1984,,,
"NBNORG0000023295","Narcissus poeticus",1,1,1795,,,
"NBNORG0000023297","Kniphofia praecox",1,1,1950,,,
"NBNORG0000023298","Doronicum columnae",1,1,1979,,,
"NBNORG0000023299","Ambrosia psilostachya",1,1,1902,,,
"NBNORG0000023300","Iva xanthiifolia",1,1,1901,,,
"NBNORG0000023302","Polygonum arenarium",1,1,1860,,,
"NBNORG0000023305","Gnaphalium purpureum",1,1,1913,,,
"NBNORG0000023307","Stipa capensis",1,1,1958,,,
"NBNORG0000023310","Campanula pyramidalis",1,1,1883,,,
"NBNORG0000023313","Vaccinium corymbosum",1,1,1980,,,
"NBNORG0000023314","Crataegus submollis",1,1,1957,,,
"NBNORG0000023315","Amaranthus graecizans",1,1,1905,,,
"NBNORG0000023318","Digitaria ciliaris",1,1,1859,,,
"NBNORG0000023319","Phacelia tanacetifolia",1,1,1885,,,
"NBNORG0000023320","Campanula poscharskyana",1,1,1957,,,
"NBNORG0000023321","Artemisia dracunculus",1,1,1906,,,
"NBNORG0000023322","Cynara cardunculus",1,1,1904,,,
"NBNORG0000023326","Lavatera thuringiaca",1,1,1862,,,
"NBNORG0000023327","Crataegus persimilis",1,1,1934,,,
"NBNORG0000023330","Dicksonia antarctica",1,1,1960,,,
"NBNORG0000023331","Sedum hispanicum",1,1,1927,,,
"NBNORG0000023334","Geranium maderense",1,1,1978,,,
"NBNORG0000023339","Tragopogon hybridus",1,1,1922,,,
"NBNORG0000023341","Populus balsamifera",1,1,1911,,,
"NBNORG0000023343","Eragrostis minor",1,1,1898,,,
"NBNORG0000023344","Nigella damascena",1,1,1832,,,
"NBNORG0000023345","Saponaria ocymoides",1,1,1913,,,
"NBNORG0000023346","Cornus alba",1,1,1875,,,
"NBNORG0000023349","Bromus lanceolatus",1,1,1878,,,
"NBNORG0000023355","Rosmarinus officinalis",1,1,1969,,,
"NBNORG0000023357","Chenopodium strictum",1,1,1905,,,
"NBNORG0000023358","Sedum anacampseros",1,1,1977,,,
"NBNORG0000023362","Vitis vinifera",1,1,1906,,,
"NBNORG0000023363","Staphylea pinnata",1,1,1633,,,
"NBNORG0000023368","Plantago afra",1,1,1759,,,
"NBNORG0000023371","Eucalyptus johnstonii",1,1,1996,,,
"NBNORG0000023372","Aralia chinensis",1,1,1990,,,
"NBNORG0000023374","Festuca rubra subsp. megastachys",1,1,1966,,,
"NBNORG0000023380","Crataegus coccinioides",1,1,1970,,,
"NBNORG0000023381","Campanula fragilis",1,1,1976,,,
"NBNORG0000023384","Iris ensata",1,1,1985,,,
"NBNORG0000023385","Spinacia oleracea",1,1,1887,,,
"NBNORG0000023386","Spiraea media",1,1,1989,,,
"NBNORG0000023389","Solanum laciniatum",1,1,1920,,,
"NBNORG0000023390","Crocus kotschyanus",1,1,1929,,,
"NBNORG0000023395","Silene pendula",1,1,1883,,,
"NBNORG0000023397","Sida spinosa",1,1,1876,,,
"NBNORG0000023399","Scorpiurus muricatus",1,1,1859,,,
"NBNORG0000023400","Paulownia tomentosa",1,1,1995,,,
"NBNORG0000023401","Helianthus petiolaris",1,1,1908,,,
"NBNORG0000023403","Paspalum distichum",1,1,1924,,,
"NBNORG0000023404","Scilla bithynica",1,1,1982,,,
"NBNORG0000023406","Prunus mahaleb",1,1,1936,,,
"NBNORG0000023408","Amaranthus cruentus",1,1,1929,,,
"NBNORG0000023410","Panicum capillare",1,1,1867,,,
"NBNORG0000023414","Cucurbita maxima",1,1,1928,,,
"NBNORG0000023415","Picea glauca",1,1,1968,,,
"NBNORG0000023422","Elaeagnus umbellata",1,1,1971,,,
"NBNORG0000023424","Sigesbeckia orientalis",1,1,1928,,,
"NBNORG0000023425","Helenium autumnale",1,1,1955,,,
"NBNORG0000023426","Dracunculus vulgaris",1,1,1918,,,
"NBNORG0000023428","Saxifraga stolonifera",1,1,1876,,,
"NBNORG0000023429","Cynoglottis barrelieri",1,1,1963,,,
"NBNORG0000023430","Citrullus lanatus",1,1,1921,,,
"NBNORG0000023431","Rumex obovatus",1,1,1912,,,
"NBNORG0000023434","Amaranthus thunbergii",1,1,1909,,,
"NBNORG0000023436","Hypericum nummularium",1,1,1943,,,
"NBNORG0000023437","Grindelia stricta",1,1,1961,,,
"NBNORG0000023438","Lavatera plebeia",1,1,1939,,,
"NBNORG0000023440","Jasminum officinale",1,1,1967,,,
"NBNORG0000023443","Arabidopsis arenosa",1,1,1863,,,
"NBNORG0000023446","Salvia reflexa",1,1,1928,,,
"NBNORG0000023447","Veronica austriaca",1,1,1903,,,
"NBNORG0000023449","Cotoneaster sternianus",1,1,1969,,,
"NBNORG0000023450","Echinochloa colona",1,1,1906,,,
"NBNORG0000023451","Helictotrichon neesii",1,1,1954,,,
"NBNORG0000023458","Tanacetum balsamita",1,1,1801,,,
"NBNORG0000023459","Ceratochloa staminea",1,1,1958,,,
"NBNORG0000023460","Abies nordmanniana",1,1,1968,,,
"NBNORG0000023463","Chrysocoma coma-aurea",1,1,1914,,,
"NBNORG0000023466","Sagittaria subulata",1,1,1962,,,
"NBNORG0000023468","Saxifraga rotundifolia",1,1,1843,,,
"NBNORG0000023469","Saxifraga cuneifolia",1,1,1932,,,
"NBNORG0000023471","Centranthus calcitrapae",1,1,1770,,,
"NBNORG0000023472","Phalaris brachystachys",1,1,1908,,,
"NBNORG0000023473","Hainardia cylindrica",1,1,1924,,,
"NBNORG0000023477","Thalictrum aquilegiifolium",1,1,1905,,,
"NBNORG0000023479","Beta vulgaris subsp. cicla",1,1,1955,,,
"NBNORG0000023484","Misopates calycinum",1,1,1904,,,
"NBNORG0000023486","Tagetes erecta",1,1,1969,,,
"NBNORG0000023488","Silene chalcedonica",1,1,1902,,,
"NBNORG0000023490","Lupinus angustifolius",1,1,1890,,,
"NBNORG0000023491","Erodium cygnorum subsp. glandulosum",1,1,1958,,,
"NBNORG0000023493","Aralia racemosa",1,1,1926,,,
"NBNORG0000023495","Ehrharta stipoides",1,1,1959,,,
"NBNORG0000023499","Cucumis sativus",1,1,1909,,,
"NBNORG0000023502","Ononis baetica",1,1,1962,,,
"NBNORG0000023503","Geranium rubescens",1,1,1930,,,
"NBNORG0000023506","Trachyspermum ammi",1,1,1921,,,
"NBNORG0000023508","Sorghum bicolor",1,1,1890,,,
"NBNORG0000023509","Allium unifolium",1,1,1985,,,
"NBNORG0000023512","Eryngium amethystinum",1,1,1963,,,
"NBNORG0000023514","Beta trigyna",1,1,1891,,,
"NBNORG0000023515","Ridolfia segetum",1,1,1916,,,
"NBNORG0000023516","Ipomoea hederacea",1,1,1932,,,
"NBNORG0000023517","Ipomoea lacunosa",1,1,1947,,,
"NBNORG0000023518","Aucuba japonica",1,1,1978,,,
"NBNORG0000023520","Prunus persica",1,1,1953,,,
"NBNORG0000023523","Salvia viridis",1,1,1859,,,
"NBNORG0000023525","Pulmonaria rubra",1,1,1969,,,
"NBNORG0000023529","Trifolium cernuum",1,1,1917,,,
"NBNORG0000023534","Datura ferox",1,1,1953,,,
"NBNORG0000023538","Rosa gallica",1,1,1871,,,
"NBNORG0000023541","Eucalyptus pulchella",1,1,1963,,,
"NBNORG0000023543","Tropaeolum majus",1,1,1904,,,
"NBNORG0000023547","Ledum palustre",1,1,1860,,,
"NBNORG0000023548","Sedum nicaeense",1,1,1915,,,
"NBNORG0000023550","Yucca recurvifolia",1,1,1982,,,
"NBNORG0000023551","Hordeum pusillum",1,1,1953,,,
"NBNORG0000023554","Brassica elongata",1,1,1881,,,
"NBNORG0000023555","Eleusine tristachya",1,1,1972,,,
"NBNORG0000023557","Amaryllis belladonna",1,1,1957,,,
"NBNORG0000023561","Solanum rostratum",1,1,1886,,,
"NBNORG0000023562","Neslia paniculata",1,1,1795,,,
"NBNORG0000023565","Chamaecyparis pisifera",1,1,1968,,,
"NBNORG0000023566","Verbena bonariensis",1,1,1949,,,
"NBNORG0000023567","Chenopodium bushianum",1,1,1938,,,
"NBNORG0000023569","Matthiola longipetala",1,1,1904,,,
"NBNORG0000023570","Morus nigra",1,1,1961,,,
"NBNORG0000023571","Echinochloa frumentacea",1,1,1918,,,
"NBNORG0000023572","Cotoneaster adpressus",1,1,1984,,,
"NBNORG0000023573","Cirsium erisithales",1,1,1980,,,
"NBNORG0000023576","Cotoneaster rehderi",1,1,1981,,,
"NBNORG0000023582","Erigeron annuus",1,1,1902,,,
"NBNORG0000023583","Anthyllis vulneraria subsp. carpatica",1,1,1895,,,
"NBNORG0000023584","Xanthium ambrosioides",1,1,1910,,,
"NBNORG0000023585","Sida rhombifolia",1,1,1933,,,
"NBNORG0000023588","Cytisus nigricans",1,1,1970,,,
"NBNORG0000023591","Ornithopus compressus",1,1,1893,,,
"NBNORG0000023592","Ambrosia trifida",1,1,1893,,,
"NBNORG0000023593","Chenopodium probstii",1,1,1930,,,
"NBNORG0000023594","Allium pendulinum",1,1,1977,,,
"NBNORG0000023601","Lampranthus roseus",1,1,1924,,,
"NBNORG0000024206","Kniphofia uvaria",1,1,1961,,,
"NBNORG0000024232","Helianthus annuus",1,1,1891,,,
"NBNORG0000024695","Abies procera",1,1,1959,,,
"NBNORG0000024711","Limonium hyblaeum",1,1,1979,,,
"NBNORG0000025024","Alnus rubra",1,1,1968,,,
"NBNORG0000025096","Rhus typhina",1,1,1966,,,
"NBNORG0000025190","Cotoneaster microphyllus agg.",1,1,1890,,,
"NBNORG0000026710","Amaranthus hypochondriacus",1,1,1900,,,
"NBNORG0000026732","Baccharis halimifolia",1,1,1924,,,
"NBNORG0000026745","Bromus diandrus",1,1,1835,,,
"NBNORG0000026746","Bromus rigidus",1,1,1834,,,
"NBNORG0000026747","Bromus rubens",1,1,1908,,,
"NBNORG0000026749","Bromus tectorum",1,1,1847,,,
"NBNORG0000026902","Iris tuberosa",1,1,1839,,,
"NBNORG0000026907","Lampranthus deltoides",1,1,1953,,,
"NBNORG0000027082","Sorbus latifolia",1,1,1866,,,
"NBNORG0000028418","Narcissus triandrus",1,1,1905,,,
"NBNORG0000029082","Narcissus cyclamineus",1,1,1974,,,
"NBNORG0000041391","Centaurea macrocephala",1,1,1920,,,
"NBNORG0000041431","Chaenomeles japonica",1,1,1972,,,
"NBNORG0000041659","Cotoneaster apiculatus",1,1,1992,,,
"NBNORG0000041660","Cotoneaster astrophoros",1,1,1994,,,
"NBNORG0000041661","Cotoneaster boisianus",1,1,1995,,,
"NBNORG0000041662","Cotoneaster fangianus",1,1,1990,,,
"NBNORG0000041663","Cotoneaster henryanus",1,1,1985,,,
"NBNORG0000041664","Cotoneaster hylmoei",1,1,1993,,,
"NBNORG0000041665","Cotoneaster obscurus",1,1,1994,,,
"NBNORG0000041666","Cotoneaster prostratus",1,1,1989,,,
"NBNORG0000041667","Cotoneaster sherriffii",1,1,1985,,,
"NBNORG0000041668","Cotoneaster tomentellus",1,1,1993,,,
"NBNORG0000041669","Cotoneaster vilmorinianus",1,1,1978,,,
"NBNORG0000041670","Cotoneaster wardii",1,1,1994,,,
"NBNORG0000041831","Dipsacus laciniatus",1,1,1905,,,
"NBNORG0000042011","Fargesia spathacea",1,1,1964,,,
"NBNORG0000042122","Hedera algeriensis",1,1,1963,,,
"NBNORG0000042734","Papaver pseudoorientale",1,1,1884,,,
"NBNORG0000043169","Rosa ferruginea",1,1,1973,,,
"NBNORG0000046866","Serapias lingua",1,1,1992,,,
"NBNORG0000047548","Serapias cordigera",1,1,1996,,,
"NBNORG0000052159","Cephalaria gigantea",1,1,1915,,,
"NBNORG0000052160","Crocosmia paniculata",1,1,1961,,,
"NBNORG0000052161","Euphorbia amygdaloides subsp. robbiae",1,1,1977,,,
"NBNORG0000052171","Chenopodium pumilio",1,1,1911,,,
"NBNORG0000052174","Geranium psilostemon",1,1,1966,,,
"NBNORG0000052176","Hebe dieffenbachii",1,1,1991,,,
"NBNORG0000052177","Hyacinthoides italica",1,1,1896,,,
"NBNORG0000052179","Primula florindae",1,1,1957,,,
"NBNORG0000052184","Sorbus decipiens",1,1,1949,,,
"NBNORG0000052933","Abies alba",1,1,1914,,,
"NBNORG0000052937","Abies grandis",1,1,1961,,,
"NBNORG0000052941","Abutilon theophrasti",1,1,1887,,,
"NBNORG0000052943","Acacia melanoxylon",1,1,1959,,,
"NBNORG0000052945","Acaena anserinifolia",1,1,1914,,,
"NBNORG0000052946","Acaena inermis",1,1,1968,,,
"NBNORG0000052949","Acaena ovalifolia",1,1,1921,,,
"NBNORG0000052987","Aeonium cuneatum",1,1,1963,,,
"NBNORG0000052989","Aesculus carnea",1,1,1955,,,
"NBNORG0000052990","Aesculus indica",1,1,1989,,,
"NBNORG0000052994","Aethusa cynapium subsp. agrestis",1,1,1924,,,
"NBNORG0000053001","Ageratum houstonianum",1,1,1914,,,
"NBNORG0000053011","Agrostis avenacea",1,1,1908,,,
"NBNORG0000053014","Agrostis castellana",1,1,1924,,,
"NBNORG0000053018","Agrostis hyemalis",1,1,1928,,,
"NBNORG0000053023","Ailanthus altissima",1,1,1935,,,
"NBNORG0000053041","Allium paradoxum",1,1,1849,,,
"NBNORG0000053046","Alnus cordata",1,1,1935,,,
"NBNORG0000053063","Amaranthus blitoides",1,1,1929,,,
"NBNORG0000053067","Amaranthus palmeri",1,1,1959,,,
"NBNORG0000053068","Amaranthus powellii",1,1,1982,,,
"NBNORG0000053071","Amaranthus standleyanus",1,1,1932,,,
"NBNORG0000053079","Amelanchier lamarckii",1,1,1887,,,
"NBNORG0000053088","Ammophila breviligulata",1,1,1982,,,
"NBNORG0000053091","Amsinckia lycopsoides",1,1,1877,,,
"NBNORG0000053104","Anchusa azurea",1,1,1866,,,
"NBNORG0000053105","Anchusa ochroleuca",1,1,1922,,,
"NBNORG0000053146","Aponogeton distachyos",1,1,1889,,,
"NBNORG0000053148","Aptenia cordifolia",1,1,1928,,,
"NBNORG0000053153","Arabis caucasica",1,1,1855,,,
"NBNORG0000053157","Aralia elata",1,1,1980,,,
"NBNORG0000053159","Araucaria araucana",1,1,1968,,,
"NBNORG0000053197","Aronia melanocarpa",1,1,1980,,,
"NBNORG0000053211","Arum italicum subsp. italicum",1,1,1870,,,
"NBNORG0000053214","Aruncus dioicus",1,1,1950,,,
"NBNORG0000053217","Asarina procumbens",1,1,1938,,,
"NBNORG0000053226","Asphodelus albus",1,1,1970,,,
"NBNORG0000053242","Astilbe japonica",1,1,1908,,,
"NBNORG0000053243","Astilbe rivularis",1,1,1906,,,
"NBNORG0000053272","Calotis cuneifolia",1,1,1913,,,
"NBNORG0000053278","Calystegia pulchra",1,1,1850,,,
"NBNORG0000053281","Calystegia silvatica",1,1,1863,,,
"NBNORG0000053300","Avena strigosa",1,1,1790,,,
"NBNORG0000053312","Barbarea verna",1,1,1803,,,
"NBNORG0000053317","Beckmannia syzigachne",1,1,1911,,,
"NBNORG0000053326","Berberis aggregata",1,1,1961,,,
"NBNORG0000053327","Berberis buxifolia",1,1,1900,,,
"NBNORG0000053328","Berberis gagnepainii",1,1,1984,,,
"NBNORG0000053330","Berberis julianae",1,1,1984,,,
"NBNORG0000053333","Berberis wilsoniae",1,1,1941,,,
"NBNORG0000053341","Beta vulgaris subsp. vulgaris",1,1,1905,,,
"NBNORG0000053346","Bidens connata",1,1,1977,,,
"NBNORG0000053357","Blechnum cordatum",1,1,1952,,,
"NBNORG0000053389","Brachyglottis monroi",1,1,1985,,,
"NBNORG0000053392","Brachypodium distachyon",1,1,1903,,,
"NBNORG0000053399","Brassica carinata",1,1,1941,,,
"NBNORG0000053400","Brassica juncea",1,1,1876,,,
"NBNORG0000053402","Brassica napus subsp. rapifera",1,1,1905,,,
"NBNORG0000053404","Brassica rapa subsp. campestris",1,1,1899,,,
"NBNORG0000053405","Brassica rapa subsp. oleifera",1,1,1905,,,
"NBNORG0000053406","Brassica rapa subsp. rapa",1,1,1899,,,
"NBNORG0000053412","Bromopsis inermis",1,1,1890,,,
"NBNORG0000053413","Bromopsis inermis subsp. inermis",1,1,1910,,,
"NBNORG0000053414","Bromopsis inermis subsp. pumpelliana",1,1,1967,,,
"NBNORG0000053424","Bromus interruptus",1,1,1849,,,
"NBNORG0000053425","Bromus lepidus",1,1,1836,,,
"NBNORG0000053426","Bromus madritensis",1,1,1716,,,
"NBNORG0000053427","Bromus pseudosecalinus",1,1,1890,,,
"NBNORG0000053431","Brunnera macrophylla",1,1,1926,,,
"NBNORG0000053434","Buddleja davidii",1,1,1922,,,
"NBNORG0000053442","Bupleurum subovatum",1,1,1839,,,
"NBNORG0000053446","Cabomba caroliniana",1,1,1969,,,
"NBNORG0000053456","Campanula lactiflora",1,1,1954,,,
"NBNORG0000053457","Campanula portenschlagiana",1,1,1922,,,
"NBNORG0000053465","Capsella rubella",1,1,1928,,,
"NBNORG0000053469","Cardamine corymbosa",1,1,1975,,,
"NBNORG0000053470","Cardamine heptaphylla",1,1,1907,,,
"NBNORG0000053472","Cardamine raphanifolia",1,1,1930,,,
"NBNORG0000053511","Carex vulpinoidea",1,1,1880,,,
"NBNORG0000053515","Carpobrotus acinaciformis",1,1,1911,,,
"NBNORG0000053516","Carpobrotus edulis",1,1,1886,,,
"NBNORG0000053551","Cedrus atlantica",1,1,1986,,,
"NBNORG0000053552","Cedrus deodara",1,1,1968,,,
"NBNORG0000053553","Cedrus libani",1,1,1968,,,
"NBNORG0000053593","Ceratochloa brevis",1,1,1961,,,
"NBNORG0000053594","Ceratochloa carinata",1,1,1919,,,
"NBNORG0000053595","Ceratochloa marginata",1,1,1907,,,
"NBNORG0000053610","Chamaecyparis lawsoniana",1,1,1958,,,
"NBNORG0000053638","Chasmanthe bicolor",1,1,1960,,,
"NBNORG0000053646","Chenopodium capitatum",1,1,1888,,,
"NBNORG0000053647","Chenopodium carinatum",1,1,1911,,,
"NBNORG0000053648","Chenopodium cristatum",1,1,1947,,,
"NBNORG0000053649","Chenopodium desiccatum",1,1,1901,,,
"NBNORG0000053651","Chenopodium giganteum",1,1,1926,,,
"NBNORG0000053653","Chenopodium hircinum",1,1,1898,,,
"NBNORG0000053655","Chenopodium nitrariaceum",1,1,1961,,,
"NBNORG0000053656","Chenopodium opulifolium",1,1,1853,,,
"NBNORG0000053662","Chimonobambusa quadrangularis",1,1,1993,,,
"NBNORG0000053665","Chloris divaricata",1,1,1955,,,
"NBNORG0000053666","Chloris truncata",1,1,1915,,,
"NBNORG0000053678","Chrysocoma tenuifolia",1,1,1957,,,
"NBNORG0000053700","Clarkia amoena",1,1,1902,,,
"NBNORG0000053705","Clarkia unguiculata",1,1,1912,,,
"NBNORG0000053754","Conyza bonariensis",1,1,1843,,,
"NBNORG0000053755","Conyza canadensis",1,1,1690,,,
"NBNORG0000053756","Conyza sumatrensis",1,1,1961,,,
"NBNORG0000053758","Coprosma repens",1,1,1963,,,
"NBNORG0000053763","Cordyline australis",1,1,1965,,,
"NBNORG0000053772","Coronilla scorpioides",1,1,1859,,,
"NBNORG0000053779","Cortaderia selloana",1,1,1925,,,
"NBNORG0000053781","Corydalis cava",1,1,1656,,,
"NBNORG0000053782","Corydalis cheilanthifolia",1,1,1981,,,
"NBNORG0000053785","Corylus maxima",1,1,1975,,,
"NBNORG0000053792","Cotoneaster affinis",1,1,1971,,,
"NBNORG0000053793","Cotoneaster amoenus",1,1,1981,,,
"NBNORG0000053794","Cotoneaster ascendens",1,1,1995,,,
"NBNORG0000053795","Cotoneaster atropurpureus",1,1,1963,,,
"NBNORG0000053796","Cotoneaster bacillaris",1,1,1923,,,
"NBNORG0000053799","Cotoneaster cambricus",1,1,1821,,,
"NBNORG0000053800","Cotoneaster cashmiriensis",1,1,1991,,,
"NBNORG0000053802","Cotoneaster cochleatus",1,1,1954,,,
"NBNORG0000053803","Cotoneaster conspicuus",1,1,1984,,,
"NBNORG0000053804","Cotoneaster cooperi",1,1,1985,,,
"NBNORG0000053805","Cotoneaster dammeri",1,1,1976,,,
"NBNORG0000053806","Cotoneaster dielsianus",1,1,1965,,,
"NBNORG0000053807","Cotoneaster divaricatus",1,1,1974,,,
"NBNORG0000053809","Cotoneaster frigidus",1,1,1918,,,
"NBNORG0000053810","Cotoneaster hjelmqvistii",1,1,1981,,,
"NBNORG0000053811","Cotoneaster horizontalis",1,1,1940,,,
"NBNORG0000053812","Cotoneaster hsingshangensis",1,1,1986,,,
"NBNORG0000053813","Cotoneaster hummelii",1,1,1987,,,
"NBNORG0000053815","Cotoneaster ignotus",1,1,1983,,,
"NBNORG0000053817","Cotoneaster integrifolius",1,1,1895,,,
"NBNORG0000053818","Cotoneaster lacteus",1,1,1968,,,
"NBNORG0000053819","Cotoneaster laetevirens",1,1,1983,,,
"NBNORG0000053821","Cotoneaster lucidus",1,1,1983,,,
"NBNORG0000053822","Cotoneaster mairei",1,1,1978,,,
"NBNORG0000053823","Cotoneaster monopyrenus",1,1,1981,,,
"NBNORG0000053824","Cotoneaster moupinensis",1,1,1966,,,
"NBNORG0000053825","Cotoneaster mucronatus",1,1,1987,,,
"NBNORG0000053826","Cotoneaster nanshan",1,1,1985,,,
"NBNORG0000053827","Cotoneaster nitens",1,1,1982,,,
"NBNORG0000053828","Cotoneaster obtusus",1,1,1987,,,
"NBNORG0000053830","Cotoneaster pseudoambiguus",1,1,1990,,,
"NBNORG0000053832","Cotoneaster salicifolius",1,1,1966,,,
"NBNORG0000053835","Cotoneaster splendens",1,1,1981,,,
"NBNORG0000053836","Cotoneaster tengyuehensis",1,1,1990,,,
"NBNORG0000053837","Cotoneaster transens",1,1,1971,,,
"NBNORG0000053840","Cotoneaster villosulus",1,1,1983,,,
"NBNORG0000053841","Cotoneaster zabelii",1,1,1977,,,
"NBNORG0000053843","Cotula australis",1,1,1908,,,
"NBNORG0000053844","Cotula dioica",1,1,1956,,,
"NBNORG0000053846","Cotula squalida",1,1,1913,,,
"NBNORG0000053864","Crataegus heterophylla",1,1,1930,,,
"NBNORG0000053867","Crataegus orientalis",1,1,1918,,,
"NBNORG0000053869","Crataegus succulenta",1,1,1958,,,
"NBNORG0000053874","Crepis nicaeensis",1,1,1874,,,
"NBNORG0000053883","Crocosmia masoniorum",1,1,1982,,,
"NBNORG0000053885","Crocosmia pottsii",1,1,1982,,,
"NBNORG0000053887","Crocus biflorus",1,1,1830,,,
"NBNORG0000053890","Crocus chrysanthus",1,1,1983,,,
"NBNORG0000053891","Crocus nudiflorus",1,1,1738,,,
"NBNORG0000053892","Crocus pulchellus",1,1,1983,,,
"NBNORG0000053894","Crocus sieberi",1,1,1984,,,
"NBNORG0000053895","Crocus speciosus",1,1,1972,,,
"NBNORG0000053896","Crocus tommasinianus",1,1,1963,,,
"NBNORG0000053906","Cryptomeria japonica",1,1,1965,,,
"NBNORG0000053915","Cupressus macrocarpa",1,1,1968,,,
"NBNORG0000053917","Cuscuta campestris",1,1,1927,,,
"NBNORG0000053925","Cyclamen coum",1,1,1920,,,
"NBNORG0000053927","Cyclamen repandum",1,1,1925,,,
"NBNORG0000053931","Cydonia oblonga",1,1,1878,,,
"NBNORG0000053933","Cymbalaria hepaticifolia",1,1,1965,,,
"NBNORG0000053934","Cymbalaria muralis",1,1,1640,,,
"NBNORG0000053935","Cymbalaria muralis subsp. muralis",1,1,1640,,,
"NBNORG0000053936","Cymbalaria muralis subsp. visianii",1,1,1970,,,
"NBNORG0000053962","Cyrtomium falcatum",1,1,1956,,,
"NBNORG0000053968","Cytisus multiflorus",1,1,1957,,,
"NBNORG0000053975","Dactylis polygama",1,1,1934,,,
"NBNORG0000053977","Dactyloctenium radulans",1,1,1915,,,
"NBNORG0000054007","Darmera peltata",1,1,1926,,,
"NBNORG0000054016","Daucus glochidiatus",1,1,1908,,,
"NBNORG0000054027","Delairea odorata",1,1,1923,,,
"NBNORG0000054049","Dicentra formosa",1,1,1888,,,
"NBNORG0000054056","Dichondra micrantha",1,1,1955,,,
"NBNORG0000054072","Digitaria ischaemum",1,1,1805,,,
"NBNORG0000054082","Disphyma crassifolium",1,1,1936,,,
"NBNORG0000054089","Downingia elegans",1,1,1978,,,
"NBNORG0000054108","Potentilla indica",1,1,1879,,,
"NBNORG0000054111","Ecballium elaterium",1,1,1906,,,
"NBNORG0000054118","Echinochloa crus-galli",1,1,1690,,,
"NBNORG0000054120","Echinochloa esculenta",1,1,1971,,,
"NBNORG0000054129","Echinops bannaticus",1,1,1913,,,
"NBNORG0000054130","Echinops exaltatus",1,1,1931,,,
"NBNORG0000054132","Echium pininana",1,1,1971,,,
"NBNORG0000054136","Egeria densa",1,1,1950,,,
"NBNORG0000054160","Eleusine indica",1,1,1872,,,
"NBNORG0000054161","Eleusine indica subsp. africana",1,1,1917,,,
"NBNORG0000054162","Eleusine indica subsp. indica",1,1,1905,,,
"NBNORG0000054163","Eleusine multiflora",1,1,1950,,,
"NBNORG0000054167","Elodea callitrichoides",1,1,1948,,,
"NBNORG0000054168","Elodea canadensis",1,1,1842,,,
"NBNORG0000054169","Elodea nuttallii",1,1,1966,,,
"NBNORG0000054174","Elymus scabrus",1,1,1957,,,
"NBNORG0000054201","Epilobium brunnescens",1,1,1904,,,
"NBNORG0000054202","Epilobium ciliatum",1,1,1891,,,
"NBNORG0000054203","Epilobium komarovianum",1,1,1961,,,
"NBNORG0000054206","Epilobium pedunculare",1,1,1931,,,
"NBNORG0000054226","Eragrostis cilianensis",1,1,1904,,,
"NBNORG0000054227","Eragrostis curvula",1,1,1915,,,
"NBNORG0000054235","Eragrostis parviflora",1,1,1950,,,
"NBNORG0000054238","Eragrostis pilosa",1,1,1926,,,
"NBNORG0000054254","Erigeron glaucus",1,1,1942,,,
"NBNORG0000054265","Eriochloa pseudoacrotricha",1,1,1915,,,
"NBNORG0000054271","Erodium brachycarpum",1,1,1917,,,
"NBNORG0000054274","Erodium cygnorum subsp. cygnorum",1,1,1953,,,
"NBNORG0000054280","Erodium malacoides",1,1,1888,,,
"NBNORG0000054294","Erucastrum gallicum",1,1,1863,,,
"NBNORG0000054298","Eryngium giganteum",1,1,1937,,,
"NBNORG0000054309","Eucalyptus globulus",1,1,1979,,,
"NBNORG0000054310","Eucalyptus gunnii",1,1,1887,,,
"NBNORG0000054312","Eucalyptus urnigera",1,1,1996,,,
"NBNORG0000054313","Eucalyptus viminalis",1,1,1996,,,
"NBNORG0000054317","Euonymus japonicus",1,1,1897,,,
"NBNORG0000054318","Euonymus latifolius",1,1,1903,,,
"NBNORG0000054323","Euphorbia characias subsp. veneta",1,1,1953,,,
"NBNORG0000054325","Euphorbia waldsteinii",1,1,1937,,,
"NBNORG0000054343","Euphrasia stricta",1,1,1893,,,
"NBNORG0000054352","Fagopyrum dibotrys",1,1,1961,,,
"NBNORG0000054358","Fallopia japonica",1,1,1886,,,
"NBNORG0000054359","Fallopia sachalinensis",1,1,1896,,,
"NBNORG0000054363","Fatsia japonica",1,1,1989,,,
"NBNORG0000054376","Festuca brevipila",1,1,1830,,,
"NBNORG0000054379","Festuca gautieri",1,1,1992,,,
"NBNORG0000054404","Filipendula camtschatica",1,1,1965,,,
"NBNORG0000054415","Fragaria moschata",1,1,1810,,,
"NBNORG0000054433","Fumaria reuteri",1,1,1904,,,
"NBNORG0000054443","Galanthus elwesii",1,1,1957,,,
"NBNORG0000054444","Galanthus plicatus",1,1,1947,,,
"NBNORG0000054445","Galanthus plicatus subsp. byzantinus",1,1,1986,,,
"NBNORG0000054447","Galanthus reginae-olgae",1,1,1995,,,
"NBNORG0000054455","Galinsoga quadriradiata",1,1,1909,,,
"NBNORG0000054467","Gastridium phleoides",1,1,1906,,,
"NBNORG0000054471","Gaultheria mucronata",1,1,1903,,,
"NBNORG0000054474","Gazania rigens",1,1,1866,,,
"NBNORG0000054476","Genista monspessulana",1,1,1915,,,
"NBNORG0000054480","Gentiana clusii",1,1,1960,,,
"NBNORG0000054493","Geranium endressii",1,1,1906,,,
"NBNORG0000054495","Geranium platypetalum",1,1,1987,,,
"NBNORG0000054498","Geranium pyrenaicum",1,1,1762,,,
"NBNORG0000054535","Guizotia abyssinica",1,1,1861,,,
"NBNORG0000054537","Gunnera manicata",1,1,1935,,,
"NBNORG0000054539","Gunnera tinctoria",1,1,1908,,,
"NBNORG0000054554","Haloragis micrantha",1,1,1988,,,
"NBNORG0000054560","Hebe barkeri",1,1,1995,,,
"NBNORG0000054563","Hebe salicifolia",1,1,1913,,,
"NBNORG0000054567","Hedera colchica",1,1,1959,,,
"NBNORG0000054572","Hedypnois cretica",1,1,1889,,,
"NBNORG0000054585","Helichrysum bellidioides",1,1,1975,,,
"NBNORG0000054598","Hepatica nobilis",1,1,1836,,,
"NBNORG0000054817","Hirschfeldia incana",1,1,1837,,,
"NBNORG0000054819","Hoheria populnea",1,1,1970,,,
"NBNORG0000054834","Hordeum euclaston",1,1,1961,,,
"NBNORG0000054838","Hordeum murinum subsp. glaucum",1,1,1952,,,
"NBNORG0000054841","Hordeum pubiflorum",1,1,1957,,,
"NBNORG0000054856","Hyacinthoides hispanica",1,1,1875,,,
"NBNORG0000054866","Hydrocotyle moschata",1,1,1958,,,
"NBNORG0000054867","Hydrocotyle ranunculoides",1,1,1990,,,
"NBNORG0000054892","Hypericum forrestii",1,1,1987,,,
"NBNORG0000054895","Hypericum pseudohenryi",1,1,1979,,,
"NBNORG0000054899","Hypericum xylosteifolium",1,1,1978,,,
"NBNORG0000054920","Iris latifolia",1,1,1848,,,
"NBNORG0000054921","Iris orientalis",1,1,1950,,,
"NBNORG0000054935","Ixia paniculata",1,1,1961,,,
"NBNORG0000054938","Jasminum nudiflorum",1,1,1976,,,
"NBNORG0000054944","Juglans regia",1,1,1836,,,
"NBNORG0000054956","Juncus pallidus",1,1,1944,,,
"NBNORG0000054957","Juncus planifolius",1,1,1971,,,
"NBNORG0000054962","Juncus subulatus",1,1,1957,,,
"NBNORG0000054988","Laburnum alpinum",1,1,1905,,,
"NBNORG0000054989","Laburnum anagyroides",1,1,1879,,,
"NBNORG0000054991","Lactuca tatarica",1,1,1884,,,
"NBNORG0000054994","Lagarosiphon major",1,1,1944,,,
"NBNORG0000055002","Lamarckia aurea",1,1,1906,,,
"NBNORG0000055007","Lamiastrum galeobdolon subsp. argentatum",1,1,1974,,,
"NBNORG0000055010","Lamium maculatum",1,1,1730,,,
"NBNORG0000055013","Lampranthus falciformis",1,1,1908,,,
"NBNORG0000055025","Lapsana communis subsp. intermedia",1,1,1945,,,
"NBNORG0000055027","Larix decidua",1,1,1886,,,
"NBNORG0000055029","Larix kaempferi",1,1,1957,,,
"NBNORG0000055039","Lathyrus grandiflorus",1,1,1903,,,
"NBNORG0000055043","Lathyrus niger",1,1,1821,,,
"NBNORG0000055058","Lens culinaris",1,1,1888,,,
"NBNORG0000055071","Lepidium draba subsp. draba",1,1,1802,,,
"NBNORG0000055081","Leptospermum lanigerum",1,1,1963,,,
"NBNORG0000055083","Leptospermum scoparium",1,1,1935,,,
"NBNORG0000055097","Levisticum officinale",1,1,1836,,,
"NBNORG0000055099","Leycesteria formosa",1,1,1905,,,
"NBNORG0000055107","Libertia elegans",1,1,1989,,,
"NBNORG0000055111","Ligularia dentata",1,1,1925,,,
"NBNORG0000055120","Limnanthes douglasii",1,1,1870,,,
"NBNORG0000055147","Linaria dalmatica",1,1,1915,,,
"NBNORG0000055149","Linaria maroccana",1,1,1927,,,
"NBNORG0000055151","Linaria pelisseriana",1,1,1837,,,
"NBNORG0000055152","Linaria purpurea",1,1,1830,,,
"NBNORG0000055182","Lonicera henryi",1,1,1950,,,
"NBNORG0000055183","Lonicera involucrata",1,1,1952,,,
"NBNORG0000055184","Lonicera japonica",1,1,1937,,,
"NBNORG0000055185","Lonicera nitida",1,1,1955,,,
"NBNORG0000055186","Lonicera pileata",1,1,1959,,,
"NBNORG0000055196","Luma apiculata",1,1,1970,,,
"NBNORG0000055199","Lupinus polyphyllus",1,1,1900,,,
"NBNORG0000055204","Luzula luzuloides",1,1,1871,,,
"NBNORG0000055212","Lycium chinense",1,1,1902,,,
"NBNORG0000055216","Lycopersicon esculentum",1,1,1798,,,
"NBNORG0000055222","Lysichiton americanus",1,1,1947,,,
"NBNORG0000055238","Malcolmia maritima",1,1,1863,,,
"NBNORG0000055246","Malva pusilla",1,1,1743,,,
"NBNORG0000055260","Matteuccia struthiopteris",1,1,1834,,,
"NBNORG0000055262","Matthiola incana",1,1,1806,,,
"NBNORG0000055270","Medicago laciniata",1,1,1897,,,
"NBNORG0000055275","Medicago truncatula",1,1,1863,,,
"NBNORG0000055282","Melilotus albus",1,1,1822,,,
"NBNORG0000055311","Mimulus",1,1,1824,,,
"NBNORG0000055313","Mimulus moschatus",1,1,1866,,,
"NBNORG0000055342","Monsonia brevirostrata",1,1,1914,,,
"NBNORG0000055345","Montia parvifolia",1,1,1913,,,
"NBNORG0000055352","Muehlenbeckia complexa",1,1,1909,,,
"NBNORG0000055360","Muscari botryoides",1,1,1962,,,
"NBNORG0000055361","Muscari comosum",1,1,1888,,,
"NBNORG0000055374","Myrica pensylvanica",1,1,1934,,,
"NBNORG0000055377","Myriophyllum aquaticum",1,1,1960,,,
"NBNORG0000055387","Narcissus papyraceus",1,1,1971,,,
"NBNORG0000055390","Narcissus pseudonarcissus subsp. obvallaris",1,1,1830,,,
"NBNORG0000055403","Nectaroscordum siculum",1,1,1906,,,
"NBNORG0000055422","Nertera granadensis",1,1,1957,,,
"NBNORG0000055425","Nicandra physalodes",1,1,1860,,,
"NBNORG0000055427","Nicotiana forgetiana",1,1,1994,,,
"NBNORG0000055465","Nothofagus alpina",1,1,1956,,,
"NBNORG0000055468","Nothofagus obliqua",1,1,1956,,,
"NBNORG0000055472","Nuphar advena",1,1,1963,,,
"NBNORG0000055480","Ochagavia carnea",1,1,1973,,,
"NBNORG0000055484","Odontites jaubertianus",1,1,1965,,,
"NBNORG0000055489","Oemleria cerasiformis",1,1,1977,,,
"NBNORG0000055495","Oenothera glazioviana",1,1,1866,,,
"NBNORG0000055504","Olearia paniculata",1,1,1969,,,
"NBNORG0000055506","Olearia traversii",1,1,1966,,,
"NBNORG0000055525","Phormium cookianum",1,1,1920,,,
"NBNORG0000055526","Phormium tenax",1,1,1898,,,
"NBNORG0000055531","Phuopsis stylosa",1,1,1905,,,
"NBNORG0000055533","Phygelius capensis",1,1,1960,,,
"NBNORG0000055542","Phymatosorus diversifolius",1,1,1969,,,
"NBNORG0000055556","Picea abies",1,1,1893,,,
"NBNORG0000055564","Picea sitchensis",1,1,1957,,,
"NBNORG0000055575","Pilosella aurantiaca",1,1,1793,,,
"NBNORG0000055576","Pilosella aurantiaca subsp. aurantiaca",1,1,1793,,,
"NBNORG0000055577","Pilosella aurantiaca subsp. carpathicola",1,1,1853,,,
"NBNORG0000055578","Pilosella caespitosa",1,1,1868,,,
"NBNORG0000055582","Pilosella flagellaris subsp. flagellaris",1,1,1869,,,
"NBNORG0000055604","Orobanche crenata",1,1,1845,,,
"NBNORG0000055614","Oryzopsis miliacea",1,1,1927,,,
"NBNORG0000055627","Oxalis exilis",1,1,1913,,,
"NBNORG0000055628","Oxalis latifolia",1,1,1921,,,
"NBNORG0000055629","Oxalis valdiviensis",1,1,1882,,,
"NBNORG0000055639","Paeonia mascula",1,1,1805,,,
"NBNORG0000055640","Paeonia officinalis",1,1,1650,,,
"NBNORG0000055643","Panicum dichotomiflorum",1,1,1945,,,
"NBNORG0000055645","Panicum schinzii",1,1,1918,,,
"NBNORG0000055647","Papaver atlanticum",1,1,1927,,,
"NBNORG0000055652","Papaver somniferum subsp. somniferum",1,1,1830,,,
"NBNORG0000055668","Parthenocissus inserta",1,1,1948,,,
"NBNORG0000055669","Parthenocissus quinquefolia",1,1,1927,,,
"NBNORG0000055670","Parthenocissus tricuspidata",1,1,1928,,,
"NBNORG0000055689","Pentaglottis sempervirens",1,1,1724,,,
"NBNORG0000055695","Pericallis hybrida",1,1,1971,,,
"NBNORG0000055701","Persicaria alpina",1,1,1909,,,
"NBNORG0000055703","Persicaria amplexicaulis",1,1,1908,,,
"NBNORG0000055704","Persicaria campanulata",1,1,1933,,,
"NBNORG0000055711","Persicaria mollis",1,1,1956,,,
"NBNORG0000055712","Persicaria nepalensis",1,1,1963,,,
"NBNORG0000055713","Persicaria pensylvanica",1,1,1870,,,
"NBNORG0000055714","Persicaria sagittata",1,1,1889,,,
"NBNORG0000055717","Persicaria weyrichii",1,1,1978,,,
"NBNORG0000055719","Petasites albus",1,1,1843,,,
"NBNORG0000055720","Petasites fragrans",1,1,1835,,,
"NBNORG0000055725","Petrorhagia prolifera",1,1,1650,,,
"NBNORG0000055727","Petroselinum crispum",1,1,1652,,,
"NBNORG0000055745","Pilosella praealta",1,1,1877,,,
"NBNORG0000055746","Pilosella praealta subsp. praealta",1,1,1899,,,
"NBNORG0000055747","Pilosella praealta subsp. thaumasia",1,1,1918,,,
"NBNORG0000055756","Pinus nigra",1,1,1927,,,
"NBNORG0000055757","Pinus nigra subsp. nigra",1,1,1951,,,
"NBNORG0000055758","Pinus ponderosa",1,1,1968,,,
"NBNORG0000055759","Pinus radiata",1,1,1963,,,
"NBNORG0000055761","Pinus wallichiana",1,1,1905,,,
"NBNORG0000055770","Pittosporum crassifolium",1,1,1939,,,
"NBNORG0000055771","Pittosporum tenuifolium",1,1,1958,,,
"NBNORG0000055776","Plagiobothrys scouleri",1,1,1974,,,
"NBNORG0000055795","Pleioblastus simonii",1,1,1965,,,
"NBNORG0000055797","Poa chaixii",1,1,1852,,,
"NBNORG0000055799","Poa flabellata",1,1,1900,,,
"NBNORG0000055829","Polygonum patulum",1,1,1902,,,
"NBNORG0000055836","Polystichum munitum",1,1,1980,,,
"NBNORG0000055845","Populus trichocarpa",1,1,1935,,,
"NBNORG0000055861","Potentilla inclinata",1,1,1836,,,
"NBNORG0000055862","Potentilla rivalis",1,1,1976,,,
"NBNORG0000055865","Pratia angulata",1,1,1930,,,
"NBNORG0000055869","Primula japonica",1,1,1966,,,
"NBNORG0000055870","Primula sikkimensis",1,1,1921,,,
"NBNORG0000055878","Prunus dulcis",1,1,1953,,,
"NBNORG0000055879","Prunus incisa",1,1,1969,,,
"NBNORG0000055880","Prunus pensylvanica",1,1,1986,,,
"NBNORG0000055881","Prunus serrulata",1,1,1968,,,
"NBNORG0000055883","Pseudofumaria alba",1,1,1957,,,
"NBNORG0000055888","Pseudosasa japonica",1,1,1955,,,
"NBNORG0000055890","Pseudotsuga menziesii",1,1,1960,,,
"NBNORG0000055903","Pterocarya fraxinifolia",1,1,1980,,,
"NBNORG0000055915","Pulmonaria 'Mawson's Blue'",1,1,1951,,,
"NBNORG0000055922","Pyracantha coccinea",1,1,1905,,,
"NBNORG0000055924","Pyracantha rogersiana",1,1,1976,,,
"NBNORG0000055940","Ramonda myconi",1,1,1921,,,
"NBNORG0000055943","Ranunculus ficaria subsp. chrysocephala",1,1,1994,,,
"NBNORG0000055945","Ranunculus ficaria subsp. ficariiformis",1,1,1913,,,
"NBNORG0000055949","Ranunculus marginatus",1,1,1950,,,
"NBNORG0000055962","Reineckea carnea",1,1,1984,,,
"NBNORG0000055971","Rhinanthus angustifolius",1,1,1724,,,
"NBNORG0000055992","Ribes odoratum",1,1,1975,,,
"NBNORG0000055998","Rodgersia podophylla",1,1,1966,,,
"NBNORG0000056000","Romulea rosea",1,1,1969,,,
"NBNORG0000056017","Rosa luciae",1,1,1905,,,
"NBNORG0000056021","Rosa multiflora",1,1,1930,,,
"NBNORG0000056025","Rosa rugosa",1,1,1917,,,
"NBNORG0000056027","Rosa setigera",1,1,1902,,,
"NBNORG0000056031","Rosa virginiana",1,1,1887,,,
"NBNORG0000056087","Rubus cockburnianus",1,1,1972,,,
"NBNORG0000056163","Rubus loganobaccus",1,1,1938,,,
"NBNORG0000056289","Rumex brownii",1,1,1908,,,
"NBNORG0000056298","Rumex salicifolius",1,1,1900,,,
"NBNORG0000056302","Ruschia caroli",1,1,1959,,,
"NBNORG0000056307","Rytidosperma racemosum",1,1,1961,,,
"NBNORG0000056335","Salix daphnoides",1,1,1905,,,
"NBNORG0000056337","Salix eriocephala",1,1,1972,,,
"NBNORG0000056343","Salix udensis",1,1,1960,,,
"NBNORG0000056349","Salsola kali subsp. iberica",1,1,1875,,,
"NBNORG0000056369","Sasa palmata",1,1,1964,,,
"NBNORG0000056370","Sasa veitchii",1,1,1962,,,
"NBNORG0000056393","Scilla liliohyacinthus",1,1,1964,,,
"NBNORG0000056417","Sedum confusum",1,1,1976,,,
"NBNORG0000056420","Sedum praealtum",1,1,1920,,,
"NBNORG0000056421","Sedum spurium",1,1,1905,,,
"NBNORG0000056422","Sedum stoloniferum",1,1,1908,,,
"NBNORG0000056429","Selaginella kraussiana",1,1,1908,,,
"NBNORG0000056434","Semiarundinaria fastuosa",1,1,1967,,,
"NBNORG0000056437","Senecio glastifolius",1,1,1971,,,
"NBNORG0000056440","Senecio grandiflorus",1,1,1971,,,
"NBNORG0000056443","Senecio ovatus",1,1,1886,,,
"NBNORG0000056446","Sequoia sempervirens",1,1,1968,,,
"NBNORG0000056448","Sequoiadendron giganteum",1,1,1968,,,
"NBNORG0000056463","Setaria italica",1,1,1863,,,
"NBNORG0000056464","Setaria pumila",1,1,1805,,,
"NBNORG0000056465","Setaria verticillata",1,1,1666,,,
"NBNORG0000056466","Setaria viridis",1,1,1666,,,
"NBNORG0000056474","Sidalcea candida",1,1,1991,,,
"NBNORG0000056475","Sidalcea malviflora",1,1,1940,,,
"NBNORG0000056481","Silene coeli-rosa",1,1,1937,,,
"NBNORG0000056499","Sinacalia tangutica",1,1,1903,,,
"NBNORG0000056502","Sinapis alba subsp. dissecta",1,1,1859,,,
"NBNORG0000056508","Sisymbrium volgense",1,1,1896,,,
"NBNORG0000056510","Sisyrinchium californicum",1,1,1896,,,
"NBNORG0000056511","Sisyrinchium montanum",1,1,1871,,,
"NBNORG0000056513","Sisyrinchium striatum",1,1,1922,,,
"NBNORG0000056525","Solanum sarachoides",1,1,1897,,,
"NBNORG0000056526","Solanum villosum",1,1,1877,,,
"NBNORG0000056527","Solanum villosum subsp. villosum",1,1,1921,,,
"NBNORG0000056532","Solidago rugosa",1,1,1982,,,
"NBNORG0000056540","Sorbaria sorbifolia",1,1,1971,,,
"NBNORG0000056541","Sorbaria tomentosa",1,1,1970,,,
"NBNORG0000056547","Sorbus croceocarpa",1,1,1883,,,
"NBNORG0000056566","Sparaxis grandiflora",1,1,1955,,,
"NBNORG0000056574","Spartina alterniflora",1,1,1816,,,
"NBNORG0000056577","Spartina pectinata",1,1,1967,,,
"NBNORG0000056581","Spergularia bocconei",1,1,1901,,,
"NBNORG0000056594","Spiraea alba",1,1,1876,,,
"NBNORG0000056595","Spiraea canescens",1,1,1919,,,
"NBNORG0000056598","Spiraea douglasii subsp. menziesii",1,1,1957,,,
"NBNORG0000056599","Spiraea japonica",1,1,1909,,,
"NBNORG0000056608","Sporobolus africanus",1,1,1958,,,
"NBNORG0000056627","Sternbergia lutea",1,1,1912,,,
"NBNORG0000056650","Symphoricarpos albus",1,1,1863,,,
"NBNORG0000056654","Symphytum asperum",1,1,1862,,,
"NBNORG0000056656","Symphytum bulbosum",1,1,1893,,,
"NBNORG0000056657","Symphytum caucasicum",1,1,1879,,,
"NBNORG0000056669","Tamarix africana",1,1,1963,,,
"NBNORG0000056675","Tanacetum macrophyllum",1,1,1883,,,
"NBNORG0000056676","Tanacetum parthenium",1,1,1638,,,
"NBNORG0000056820","Telekia speciosa",1,1,1914,,,
"NBNORG0000056822","Tellima grandiflora",1,1,1866,,,
"NBNORG0000056830","Tetragonia tetragonioides",1,1,1911,,,
"NBNORG0000056834","Thalictrum delavayi",1,1,1978,,,
"NBNORG0000056842","Thermopsis montana",1,1,1925,,,
"NBNORG0000056848","Thuja plicata",1,1,1954,,,
"NBNORG0000056864","Tolmiea menziesii",1,1,1916,,,
"NBNORG0000056885","Trachystemon orientalis",1,1,1844,,,
"NBNORG0000056887","Tradescantia fluminensis",1,1,1982,,,
"NBNORG0000056891","Tragopogon pratensis subsp. pratensis",1,1,1836,,,
"NBNORG0000056893","Tragus australianus",1,1,1953,,,
"NBNORG0000056894","Tragus berteronianus",1,1,1953,,,
"NBNORG0000056895","Tragus racemosus",1,1,1908,,,
"NBNORG0000056910","Trifolium echinatum",1,1,1878,,,
"NBNORG0000056953","Tristagma uniflorum",1,1,1921,,,
"NBNORG0000056960","Tropaeolum speciosum",1,1,1950,,,
"NBNORG0000056966","Tulipa saxatilis",1,1,1976,,,
"NBNORG0000056979","Ulmus laevis",1,1,1943,,,
"NBNORG0000056988","Urochloa panicoides",1,1,1955,,,
"NBNORG0000056998","Vaccaria hispanica",1,1,1832,,,
"NBNORG0000057015","Verbascum chaixii",1,1,1892,,,
"NBNORG0000057017","Verbascum pyramidatum",1,1,1922,,,
"NBNORG0000057018","Verbascum speciosum",1,1,1909,,,
"NBNORG0000057023","Verbena rigida",1,1,1937,,,
"NBNORG0000057030","Veronica filiformis",1,1,1838,,,
"NBNORG0000057039","Veronica persica",1,1,1825,,,
"NBNORG0000057040","Veronica polita",1,1,1777,,,
"NBNORG0000057041","Veronica repens",1,1,1874,,,
"NBNORG0000057047","Viburnum rhytidophyllum",1,1,1968,,,
"NBNORG0000057061","Vinca difformis",1,1,1984,,,
"NBNORG0000057099","Watsonia borbonica",1,1,1971,,,
"NBNORG0000057101","Weigela florida",1,1,1928,,,
"NBNORG0000057137","Yushania anceps",1,1,1961,,,
"NBNORG0000057142","Zantedeschia aethiopica",1,1,1952,,,
"NBNORG0000057159","Cotoneaster ellipticus nom. inval.",1,1,1959,,,
"NBNORG0000057164","Rosa 'Hollandica' nom. nud.",1,1,1955,,,
"NBNORG0000060412","Hordeum distichon sensu lato",1,1,1852,,,
"NBNORG0000089902","Cotoneaster salicifolius x dammeri = C. 'Hybridus Pendulus'",1,1,1984,,,
"NBNORG0000091595","Glebionis coronaria",1,1,1897,,,
"NBNORG0000091597","Limonium platyphyllum",1,1,1973,,,
"NBNORG0000091629","Xanthocyparis nootkatensis",1,1,1968,,,
"NBNORG0000091646","Crataegus coccinea",1,1,1982,,,
"NBNORG0000105182","Cochlearia acaulis",1,1,1908,,,
"NBNORG0000105214","Rhaponticum repens",1,1,1948,,,
"NBNORG0000105216","Scilla luciliae",1,1,1966,,,
"NBNORG0000105218","Scilla sardensis",1,1,1981,,,
"NBNORG0000105219","Silene baccifera",1,1,1570,,,
"NBNORG0000107904","Aconitum lycoctonum subsp. vulparia",1,1,1880,,,
"NBNORG0000107905","Agrostis lachnantha",1,1,1909,,,
"NBNORG0000107906","Allium sativum",1,1,1837,,,
"NBNORG0000107908","Angelica pachycarpa",1,1,1993,,,
"NBNORG0000107914","Barbarea intermedia",1,1,1836,,,
"NBNORG0000107915","Bassia scoparia",1,1,1866,,,
"NBNORG0000107917","Brachiaria platyphylla",1,1,1970,,,
"NBNORG0000107918","Bromus hordeaceus subsp. divaricatus",1,1,1927,,,
"NBNORG0000107919","Bromus japonicus",1,1,1863,,,
"NBNORG0000107923","Carex buchananii",1,1,1990,,,
"NBNORG0000107928","Catananche caerulea",1,1,1988,,,
"NBNORG0000107930","Celastrus orbiculatus",1,1,1985,,,
"NBNORG0000107934","Cochlearia megalosperma",1,1,1910,,,
"NBNORG0000107937","Coincya monensis subsp. cheiranthos",1,1,1852,,,
"NBNORG0000107939","Corispermum intermedium",1,1,1962,,,
"NBNORG0000107941","Cortaderia richardii",1,1,1993,,,
"NBNORG0000107942","Cotoneaster marginatus",1,1,1923,,,
"NBNORG0000107943","Cotoneaster microphyllus",1,1,1905,,,
"NBNORG0000107944","Cotoneaster rotundifolius",1,1,1957,,,
"NBNORG0000107945","Cotoneaster thymifolius",1,1,1934,,,
"NBNORG0000107949","Crocus ancyrensis",1,1,1992,,,
"NBNORG0000107951","Crocus longiflorus",1,1,1992,,,
"NBNORG0000107952","Crocus serotinus",1,1,1992,,,
"NBNORG0000107953","Crocus vernus subsp. albiflorus",1,1,1908,,,
"NBNORG0000107957","Deutzia scabra",1,1,1963,,,
"NBNORG0000107961","Elaeagnus macrophylla",1,1,1984,,,
"NBNORG0000107970","Erica arborea",1,1,1984,,,
"NBNORG0000107971","Erodium manescavii",1,1,1964,,,
"NBNORG0000107972","Erythronium dens-canis",1,1,1965,,,
"NBNORG0000107973","Euphorbia oblongata",1,1,1938,,,
"NBNORG0000107979","Fascicularia bicolor",1,1,1962,,,
"NBNORG0000107985","Helleborus argutifolius",1,1,1991,,,
"NBNORG0000107988","Hordeum murinum subsp. leporinum",1,1,1950,,,
"NBNORG0000107991","Hydrangea macrophylla",1,1,1982,,,
"NBNORG0000107993","Inula oculus-christi",1,1,1967,,,
"NBNORG0000107994","Iochroma australe",1,1,1994,,,
"NBNORG0000107995","Ipomoea purpurea",1,1,1921,,,
"NBNORG0000107996","Iris unguicularis",1,1,1989,,,
"NBNORG0000107998","Jasminum beesianum",1,1,1999,,,
"NBNORG0000108000","Kalmia latifolia",1,1,1989,,,
"NBNORG0000108002","Legousia speculum-veneris",1,1,1868,,,
"NBNORG0000108003","Lepidium didymum",1,1,1778,,,
"NBNORG0000108005","Lonicera tatarica",1,1,1867,,,
"NBNORG0000108007","Lysimachia terrestris",1,1,1883,,,
"NBNORG0000108008","Maianthemum kamtschaticum",1,1,1983,,,
"NBNORG0000108016","Ononis alopecuroides",1,1,1904,,,
"NBNORG0000108017","Onopordum nervosum",1,1,1963,,,
"NBNORG0000108019","Oxalis decaphylla",1,1,1967,,,
"NBNORG0000108020","Pachysandra terminalis",1,1,1968,,,
"NBNORG0000108021","Pancratium maritimum",1,1,1993,,,
"NBNORG0000108022","Parietaria officinalis",1,1,1966,,,
"NBNORG0000108023","Phytolacca polyandra",1,1,1983,,,
"NBNORG0000108061","Sasa ramosa",1,1,1983,,,
"NBNORG0000108062","Saxifraga paniculata",1,1,1988,,,
"NBNORG0000108063","Scilla forbesii",1,1,1968,,,
"NBNORG0000108064","Sedum kamtschaticum",1,1,1981,,,
"NBNORG0000108065","Sempervivum arachnoideum",1,1,1991,,,
"NBNORG0000108066","Setaria parviflora",1,1,1913,,,
"NBNORG0000108068","Silene quadrifida",1,1,1974,,,
"NBNORG0000108072","Solanum scabrum",1,1,1982,,,
"NBNORG0000108073","Solanum vernei",1,1,1985,,,
"NBNORG0000108076","Symphoricarpos orbiculatus",1,1,1974,,,
"NBNORG0000108086","Vigna radiata",1,1,1971,,,
